==== START 2026-05-03 17:09:30 ====
==== [1/3] paper_pwreg_seed42 ====
╔══════════════════════════════════════════════════════════════════════════════╗
║                 1D SWARM (resume-safe)  preset=paper-grade-1d                ║
║                   pde=pwreg  tag=paper_pwreg_seed42  seed=42                 ║
╚══════════════════════════════════════════════════════════════════════════════╝
  Config: 16 labs x 20 iter, res=128, train=256, epochs/iter=40, device=cuda
  Agentic: OFF
  Run dir: C:\Users\luisl\OneDrive\Documentos\TAMU\2026.4 ICERM\Neural Operator Discovery\results\swarm_runs\paper_pwreg_seed42
  Generating PiecewiseRegression-1D data...
  Train: (256, 1, 128), Test: (64, 1, 128)

  Cached data to C:\Users\luisl\OneDrive\Documentos\TAMU\2026.4 ICERM\Neural Operator Discovery\results\swarm_runs\paper_pwreg_seed42\data.pt
  No checkpoint found — initializing fresh swarm

================================================================================
  INITIALIZING AI SCIENTIFIC COMMUNITY (1D)
================================================================================
  Lab 0 (fno): blocks=['fourier', 'fourier', 'fourier', 'fourier'], ch=64, modes=12
  Lab 1 (fno): blocks=['fourier', 'fourier', 'fourier', 'fourier'], ch=64, modes=12
  Lab 2 (deeponet): blocks=['branch_trunk', 'branch_trunk', 'branch_trunk', 'branch_trunk'], ch=64, modes=8
  Lab 3 (deeponet): blocks=['branch_trunk', 'branch_trunk', 'branch_trunk', 'branch_trunk'], ch=64, modes=8
  Lab 4 (transformer): blocks=['attention', 'attention', 'attention'], ch=64, modes=8
  Lab 5 (transformer): blocks=['attention', 'attention', 'attention'], ch=64, modes=8
  Lab 6 (wavelet): blocks=['wavelet', 'wavelet', 'wavelet', 'wavelet'], ch=48, modes=8
  Lab 7 (hybrid_fno_attn): blocks=['fourier', 'attention', 'fourier', 'attention'], ch=64, modes=10
  Lab 8 (random): blocks=['branch_trunk', 'branch_trunk', 'attention', 'attention', 'branch_trunk'], ch=32, modes=4
  Lab 9 (random): blocks=['wavelet', 'residual_conv'], ch=32, modes=10
  Lab 10 (random): blocks=['attention', 'branch_trunk'], ch=32, modes=6
  Lab 11 (random): blocks=['branch_trunk', 'attention', 'branch_trunk', 'fourier'], ch=48, modes=12
  Lab 12 (fno): blocks=['fourier', 'fourier', 'fourier', 'fourier'], ch=64, modes=12
  Lab 13 (fno): blocks=['fourier', 'fourier', 'fourier', 'fourier'], ch=64, modes=12
  Lab 14 (transformer): blocks=['attention', 'attention', 'attention'], ch=64, modes=8
  Lab 15 (deeponet): blocks=['branch_trunk', 'branch_trunk', 'branch_trunk', 'branch_trunk'], ch=64, modes=8

  Initialized 16 virtual 1D labs across 6 paradigms

================================================================================
  BEGINNING SWARM ITERATIONS
================================================================================

────────────────────────────────────────────────────────────────────────────────
  ITERATION 1/20
────────────────────────────────────────────────────────────────────────────────
  Active labs: 16/16

  Phase 1: Planning...

  Phase 2: Building and Training...
    Lab 0: 217,601 params, blocks=['fourier', 'fourier', 'fourier', 'fourier']
    Lab 1: 217,601 params, blocks=['fourier', 'fourier', 'fourier', 'fourier']
    Lab 2: 78,657 params, blocks=['branch_trunk', 'branch_trunk', 'branch_trunk', 'branch_trunk']
    Lab 3: 93,553 params, blocks=['attention', 'branch_trunk', 'branch_trunk', 'branch_trunk']
    Lab 4: 179,009 params, blocks=['attention', 'attention', 'attention', 'residual_conv']
    Lab 5: 104,769 params, blocks=['attention', 'attention', 'attention']
    Lab 6: 130,225 params, blocks=['wavelet', 'wavelet', 'fourier', 'wavelet', 'wavelet']
    Lab 7: 157,633 params, blocks=['fourier', 'attention', 'attention']
    Lab 8: 90,081 params, blocks=['branch_trunk', 'branch_trunk', 'attention', 'attention']
    Lab 9: 15,649 params, blocks=['wavelet', 'residual_conv']
    Lab 10: 14,897 params, blocks=['attention', 'branch_trunk']
    Lab 11: 101,121 params, blocks=['branch_trunk', 'attention', 'branch_trunk', 'fourier']
    Lab 12: 251,073 params, blocks=['fourier', 'attention', 'fourier', 'fourier', 'fourier']
    Lab 13: 217,601 params, blocks=['fourier', 'fourier', 'fourier', 'fourier']
    Lab 14: 104,769 params, blocks=['attention', 'attention', 'attention']
    Lab 15: 84,785 params, blocks=['branch_trunk', 'branch_trunk', 'branch_trunk', 'residual_conv']

  Phase 3: Peer Review...

  Phase 4: Composite Fitness...
    ★ NEW GLOBAL BEST: Lab 0 (composite=0.5235)
    ★ NEW GLOBAL BEST: Lab 1 (composite=0.5281)
    ★ NEW GLOBAL BEST: Lab 4 (composite=0.5539)

================================================================================
  SWARM LEADERBOARD
================================================================================
  #1  Lab  4 (transformer       ) | composite=0.5539 | trust=0.926 | [attention+attention+attention+residual_conv]
  #2  Lab  6 (wavelet           ) | composite=0.5460 | trust=0.891 | [wavelet+wavelet+fourier+wavelet+wavelet]
  #3  Lab  1 (fno               ) | composite=0.5281 | trust=0.902 | [fourier+fourier+fourier+fourier]
  #4  Lab  0 (fno               ) | composite=0.5235 | trust=0.895 | [fourier+fourier+fourier+fourier]
  #5  Lab  7 (hybrid_fno_attn   ) | composite=0.5176 | trust=0.875 | [fourier+attention+attention]

  Global best: Lab 4 (fitness=0.5539)
  Best architecture: attention+attention+attention+residual_conv | ch=64 | modes=8 | act=gelu
================================================================================


  ── Diversity Metrics ──
  Active paradigms: deeponet(3) fno(4) hybrid_fno_attn(1) random(4) transformer(3) wavelet(1) 
  Block usage: fourier=32% attention=29% branch_trunk=25% wavelet=8% residual_conv=5% 
  Architectural diversity index: 0.3729 (0=homogeneous, 1=maximally diverse)
  Detected 4 rival camp(s):
    Camp 'fourier-dominant': Labs [0, 1, 12, 13], avg composite=0.4559
    Camp 'branch_trunk-dominant': Labs [2, 3, 15], avg composite=0.3406
    Camp 'attention-dominant': Labs [4, 5, 7, 14], avg composite=0.4780
    Camp 'hybrid-mixed': Labs [8, 9, 10, 11], avg composite=0.3156
  ✓ checkpoint saved (iteration 1/20)

────────────────────────────────────────────────────────────────────────────────
  ITERATION 2/20
────────────────────────────────────────────────────────────────────────────────
  Active labs: 16/16

  Phase 1: Planning...

  Phase 2: Building and Training...
    Lab 0: 201,601 params, blocks=['fourier', 'fourier', 'fourier', 'fourier']
    Lab 1: 54,529 params, blocks=['fourier', 'fourier', 'fourier', 'fourier']
    Lab 2: 130,481 params, blocks=['fourier', 'attention', 'branch_trunk', 'branch_trunk', 'branch_trunk']
    Lab 3: 74,977 params, blocks=['attention', 'branch_trunk', 'branch_trunk']
    Lab 4: 129,473 params, blocks=['attention', 'attention', 'attention', 'residual_conv']
    Lab 5: 104,769 params, blocks=['attention', 'attention', 'attention']
    Lab 6: 130,225 params, blocks=['wavelet', 'wavelet', 'fourier', 'wavelet', 'wavelet']
    Lab 7: 107,649 params, blocks=['fourier', 'attention']
    Lab 8: 62,145 params, blocks=['branch_trunk', 'branch_trunk', 'attention', 'attention']
    Lab 9: 246,913 params, blocks=['wavelet', 'residual_conv']
    Lab 10: 56,401 params, blocks=['attention', 'branch_trunk']
    Lab 11: 61,809 params, blocks=['branch_trunk', 'attention', 'branch_trunk']
    Lab 12: 234,689 params, blocks=['fourier', 'attention', 'fourier', 'fourier', 'fourier']
    Lab 13: 133,361 params, blocks=['fourier', 'fourier', 'branch_trunk', 'fourier', 'fourier']
    Lab 14: 104,769 params, blocks=['attention', 'attention', 'attention']
    Lab 15: 84,785 params, blocks=['branch_trunk', 'branch_trunk', 'branch_trunk', 'residual_conv']

  Phase 3: Peer Review...

  Phase 4: Composite Fitness...
    ★ NEW GLOBAL BEST: Lab 0 (composite=0.5613)
    ★ NEW GLOBAL BEST: Lab 4 (composite=0.5632)

================================================================================
  SWARM LEADERBOARD
================================================================================
  #1  Lab  4 (transformer       ) | composite=0.5632 | trust=0.968 | [attention+attention+attention+residual_conv]
  #2  Lab  0 (fno               ) | composite=0.5613 | trust=0.957 | [fourier+fourier+fourier+fourier]
  #3  Lab  5 (transformer       ) | composite=0.5282 | trust=0.764 | [attention+attention+attention]
  #4  Lab  6 (wavelet           ) | composite=0.4624 | trust=0.733 | [wavelet+wavelet+fourier+wavelet+wavelet]
  #5  Lab 12 (fno               ) | composite=0.4326 | trust=0.540 | [fourier+attention+fourier+fourier+fourier]

  Global best: Lab 4 (fitness=0.5632)
  Best architecture: attention+attention+attention+residual_conv | ch=64 | modes=16 | act=gelu
================================================================================


  ── Diversity Metrics ──
  Active paradigms: deeponet(3) fno(4) hybrid_fno_attn(1) random(4) transformer(3) wavelet(1) 
  Block usage: fourier=33% attention=29% branch_trunk=24% wavelet=9% residual_conv=5% 
  Architectural diversity index: 0.3992 (0=homogeneous, 1=maximally diverse)
  Detected 4 rival camp(s):
    Camp 'fourier-dominant': Labs [0, 1, 12, 13], avg composite=0.4032
    Camp 'branch_trunk-dominant': Labs [2, 3, 11, 15], avg composite=0.3512
    Camp 'attention-dominant': Labs [4, 5, 14], avg composite=0.4767
    Camp 'hybrid-mixed': Labs [7, 8, 9, 10], avg composite=0.3247
  ✓ checkpoint saved (iteration 2/20)

────────────────────────────────────────────────────────────────────────────────
  ITERATION 3/20
────────────────────────────────────────────────────────────────────────────────
  Active labs: 16/16

  Phase 1: Planning...

  Phase 2: Building and Training...
    Lab 0: 152,065 params, blocks=['fourier', 'fourier', 'fourier', 'fourier']
    Lab 1: 49,729 params, blocks=['fourier', 'attention', 'fourier', 'fourier']
    Lab 2: 196,529 params, blocks=['fourier', 'attention', 'branch_trunk', 'branch_trunk', 'branch_trunk']
    Lab 3: 41,505 params, blocks=['branch_trunk', 'branch_trunk']
    Lab 4: 129,473 params, blocks=['attention', 'attention', 'attention', 'residual_conv']
    Lab 5: 187,265 params, blocks=['attention', 'wavelet', 'attention', 'attention']
    Lab 6: 58,145 params, blocks=['wavelet', 'wavelet', 'fourier', 'wavelet', 'wavelet']
    Lab 7: 91,265 params, blocks=['fourier', 'attention']
    Lab 8: 90,081 params, blocks=['branch_trunk', 'branch_trunk', 'attention', 'attention']
    Lab 9: 17,647 params, blocks=['wavelet', 'residual_conv']
    Lab 10: 14,897 params, blocks=['attention', 'branch_trunk']
    Lab 11: 61,809 params, blocks=['branch_trunk', 'attention', 'branch_trunk']
    Lab 12: 234,689 params, blocks=['fourier', 'attention', 'fourier', 'fourier', 'fourier']
    Lab 13: 133,361 params, blocks=['fourier', 'fourier', 'branch_trunk', 'fourier', 'fourier']
    Lab 14: 137,793 params, blocks=['attention', 'attention', 'attention']
    Lab 15: 134,321 params, blocks=['branch_trunk', 'branch_trunk', 'branch_trunk', 'residual_conv']

  Phase 3: Peer Review...

  Phase 4: Composite Fitness...

================================================================================
  SWARM LEADERBOARD
================================================================================
  #1  Lab  5 (transformer       ) | composite=0.5105 | trust=0.772 | [attention+wavelet+attention+attention]
  #2  Lab 12 (fno               ) | composite=0.4954 | trust=0.657 | [fourier+attention+fourier+fourier+fourier]
  #3  Lab 14 (transformer       ) | composite=0.4876 | trust=0.664 | [attention+attention+attention]
  #4  Lab  7 (hybrid_fno_attn   ) | composite=0.4785 | trust=0.598 | [fourier+attention]
  #5  Lab 10 (random            ) | composite=0.4746 | trust=0.643 | [attention+branch_trunk]

  Global best: Lab 4 (fitness=0.5632)
  Best architecture: attention+attention+attention+residual_conv | ch=64 | modes=16 | act=gelu
================================================================================


  ── Diversity Metrics ──
  Active paradigms: deeponet(3) fno(4) hybrid_fno_attn(1) random(4) transformer(3) wavelet(1) 
  Block usage: fourier=31% attention=29% branch_trunk=24% wavelet=10% residual_conv=5% 
  Architectural diversity index: 0.4212 (0=homogeneous, 1=maximally diverse)
  Detected 4 rival camp(s):
    Camp 'fourier-dominant': Labs [0, 1, 12, 13], avg composite=0.3571
    Camp 'branch_trunk-dominant': Labs [2, 3, 11, 15], avg composite=0.3335
    Camp 'attention-dominant': Labs [4, 5, 14], avg composite=0.4628
    Camp 'hybrid-mixed': Labs [7, 8, 9, 10], avg composite=0.3806
  ✓ checkpoint saved (iteration 3/20)

────────────────────────────────────────────────────────────────────────────────
  ITERATION 4/20
────────────────────────────────────────────────────────────────────────────────
  Active labs: 16/16

  Phase 1: Planning...

  Phase 2: Building and Training...
    Lab 0: 341,761 params, blocks=['fourier', 'fourier', 'fourier', 'fourier']
    Lab 1: 49,729 params, blocks=['fourier', 'attention', 'fourier', 'fourier']
    Lab 2: 287,857 params, blocks=['fourier', 'attention', 'branch_trunk', 'branch_trunk', 'branch_trunk']
    Lab 3: 114,129 params, blocks=['attention', 'branch_trunk', 'residual_conv']
    Lab 4: 87,217 params, blocks=['attention', 'attention', 'attention', 'residual_conv', 'residual_conv']
    Lab 5: 187,265 params, blocks=['attention', 'wavelet', 'attention', 'attention']
    Lab 6: 58,145 params, blocks=['wavelet', 'wavelet', 'fourier', 'wavelet', 'wavelet']
    Lab 7: 82,497 params, blocks=['fourier', 'residual_conv']
    Lab 8: 90,081 params, blocks=['branch_trunk', 'branch_trunk', 'attention', 'attention']
    Lab 9: 62,017 params, blocks=['wavelet', 'residual_conv']
    Lab 10: 26,161 params, blocks=['attention', 'branch_trunk']
    Lab 11: 43,185 params, blocks=['branch_trunk', 'attention', 'branch_trunk']
    Lab 12: 243,521 params, blocks=['fourier', 'attention', 'attention', 'fourier', 'fourier']
    Lab 13: 412,051 params, blocks=['fourier', 'fourier', 'attention', 'fourier', 'fourier']
    Lab 14: 137,793 params, blocks=['attention', 'attention', 'attention']
    Lab 15: 84,785 params, blocks=['branch_trunk', 'branch_trunk', 'branch_trunk', 'residual_conv']

  Phase 3: Peer Review...

  Phase 4: Composite Fitness...

================================================================================
  SWARM LEADERBOARD
================================================================================
  #1  Lab  0 (fno               ) | composite=0.5601 | trust=0.765 | [fourier+fourier+fourier+fourier]
  #2  Lab  3 (deeponet          ) | composite=0.5238 | trust=0.771 | [attention+branch_trunk+residual_conv]
  #3  Lab  7 (hybrid_fno_attn   ) | composite=0.4696 | trust=0.623 | [fourier+residual_conv]
  #4  Lab 13 (fno               ) | composite=0.4573 | trust=0.461 | [fourier+fourier+attention+fourier+fourier]
  #5  Lab  5 (transformer       ) | composite=0.4324 | trust=0.666 | [attention+wavelet+attention+attention]

  Global best: Lab 4 (fitness=0.5632)
  Best architecture: attention+attention+attention+residual_conv | ch=64 | modes=16 | act=gelu
================================================================================


  ── Diversity Metrics ──
  Active paradigms: deeponet(3) fno(4) hybrid_fno_attn(1) random(4) transformer(3) wavelet(1) 
  Block usage: attention=32% fourier=28% branch_trunk=20% residual_conv=10% wavelet=10% 
  Architectural diversity index: 0.4216 (0=homogeneous, 1=maximally diverse)
  Detected 4 rival camp(s):
    Camp 'fourier-dominant': Labs [0, 1, 12, 13], avg composite=0.4361
    Camp 'branch_trunk-dominant': Labs [2, 11, 15], avg composite=0.2423
    Camp 'hybrid-mixed': Labs [3, 7, 8, 9, 10], avg composite=0.3715
    Camp 'attention-dominant': Labs [4, 5, 14], avg composite=0.3752
  ✓ checkpoint saved (iteration 4/20)

────────────────────────────────────────────────────────────────────────────────
  ITERATION 5/20
────────────────────────────────────────────────────────────────────────────────
  Active labs: 16/16

  Phase 1: Planning...

  Phase 2: Building and Training...
    Lab 0: 258,721 params, blocks=['fourier', 'fourier', 'fourier']
    Lab 1: 69,997 params, blocks=['fourier', 'attention', 'fourier', 'fourier']
    Lab 2: 44,801 params, blocks=['fourier', 'attention', 'residual_conv', 'branch_trunk', 'fourier', 'branch_trunk']
    Lab 3: 105,361 params, blocks=['residual_conv', 'branch_trunk', 'residual_conv']
    Lab 4: 98,081 params, blocks=['attention', 'attention', 'attention', 'branch_trunk', 'residual_conv', 'residual_conv']
    Lab 5: 104,769 params, blocks=['attention', 'attention', 'attention']
    Lab 6: 279,141 params, blocks=['wavelet', 'wavelet', 'fourier', 'wavelet', 'wavelet']
    Lab 7: 131,969 params, blocks=['fourier', 'wavelet', 'residual_conv']
    Lab 8: 96,513 params, blocks=['branch_trunk', 'branch_trunk', 'fourier', 'attention']
    Lab 9: 62,017 params, blocks=['wavelet', 'residual_conv']
    Lab 10: 26,161 params, blocks=['attention', 'branch_trunk']
    Lab 11: 61,761 params, blocks=['branch_trunk', 'wavelet', 'attention', 'branch_trunk']
    Lab 12: 243,521 params, blocks=['fourier', 'attention', 'attention', 'fourier', 'fourier']
    Lab 13: 347,042 params, blocks=['branch_trunk', 'fourier', 'attention', 'fourier', 'fourier']
    Lab 14: 308,065 params, blocks=['attention', 'attention', 'attention']
    Lab 15: 84,785 params, blocks=['branch_trunk', 'branch_trunk', 'branch_trunk', 'residual_conv']

  Phase 3: Peer Review...

  Phase 4: Composite Fitness...
    Lab 6 respawned from Lab 4 (paradigm: transformer_spawn)

================================================================================
  SWARM LEADERBOARD
================================================================================
  #1  Lab  4 (transformer       ) | composite=0.5604 | trust=0.711 | [attention+attention+attention+branch_trunk+residual_conv+residual_conv]
  #2  Lab 12 (fno               ) | composite=0.4052 | trust=0.567 | [fourier+attention+attention+fourier+fourier]
  #3  Lab  0 (fno               ) | composite=0.3671 | trust=0.616 | [fourier+fourier+fourier]
  #4  Lab  1 (fno               ) | composite=0.3627 | trust=0.461 | [fourier+attention+fourier+fourier]
  #5  Lab  3 (deeponet          ) | composite=0.3446 | trust=0.621 | [residual_conv+branch_trunk+residual_conv]

  Global best: Lab 4 (fitness=0.5632)
  Best architecture: attention+attention+attention+residual_conv | ch=64 | modes=16 | act=gelu
================================================================================


  ── Diversity Metrics ──
  Active paradigms: deeponet(3) fno(4) hybrid_fno_attn(1) random(4) transformer(3) transformer_spawn(1) 
  Block usage: attention=33% fourier=26% branch_trunk=23% residual_conv=13% wavelet=5% 
  Architectural diversity index: 0.3971 (0=homogeneous, 1=maximally diverse)
  Detected 3 rival camp(s):
    Camp 'fourier-dominant': Labs [0, 1, 12, 13], avg composite=0.3532
    Camp 'hybrid-mixed': Labs [2, 4, 7, 8, 9, 10, 11], avg composite=0.3176
    Camp 'attention-dominant': Labs [5, 6, 14], avg composite=0.2692
  ✓ checkpoint saved (iteration 5/20)

────────────────────────────────────────────────────────────────────────────────
  ITERATION 6/20
────────────────────────────────────────────────────────────────────────────────
  Active labs: 16/16

  Phase 1: Planning...

  Phase 2: Building and Training...
    Lab 0: 314,017 params, blocks=['fourier', 'fourier', 'fourier']
    Lab 1: 87,553 params, blocks=['fourier', 'attention', 'fourier', 'fourier']
    Lab 2: 39,297 params, blocks=['fourier', 'fourier', 'branch_trunk', 'fourier', 'branch_trunk']
    Lab 3: 113,617 params, blocks=['residual_conv', 'branch_trunk', 'wavelet']
    Lab 4: 98,081 params, blocks=['attention', 'attention', 'attention', 'branch_trunk', 'residual_conv', 'residual_conv']
    Lab 5: 104,769 params, blocks=['attention', 'attention', 'attention']
    Lab 6: 295,109 params, blocks=['wavelet', 'attention', 'attention', 'branch_trunk']
    Lab 7: 131,969 params, blocks=['fourier', 'wavelet', 'residual_conv']
    Lab 8: 129,721 params, blocks=['branch_trunk', 'branch_trunk', 'fourier', 'attention']
    Lab 9: 3,985 params, blocks=['wavelet', 'residual_conv']
    Lab 10: 26,161 params, blocks=['attention', 'branch_trunk']
    Lab 11: 128,553 params, blocks=['branch_trunk', 'wavelet', 'attention', 'branch_trunk']
    Lab 12: 292,161 params, blocks=['fourier', 'residual_conv', 'attention', 'fourier', 'fourier', 'fourier']
    Lab 13: 315,137 params, blocks=['branch_trunk', 'fourier', 'attention', 'attention', 'fourier']
    Lab 14: 419,137 params, blocks=['attention', 'attention', 'wavelet', 'attention']
    Lab 15: 99,169 params, blocks=['branch_trunk', 'branch_trunk', 'wavelet', 'residual_conv']

  Phase 3: Peer Review...

  Phase 4: Composite Fitness...
    ★ NEW GLOBAL BEST: Lab 7 (composite=0.5712)
    Lab 6 respawned from Lab 7 (paradigm: hybrid_fno_attn_spawn)

================================================================================
  SWARM LEADERBOARD
================================================================================
  #1  Lab  7 (hybrid_fno_attn   ) | composite=0.5712 | trust=0.630 | [fourier+wavelet+residual_conv]
  #2  Lab  0 (fno               ) | composite=0.5504 | trust=0.734 | [fourier+fourier+fourier]
  #3  Lab 14 (transformer       ) | composite=0.4697 | trust=0.521 | [attention+attention+wavelet+attention]
  #4  Lab  4 (transformer       ) | composite=0.4371 | trust=0.682 | [attention+attention+attention+branch_trunk+residual_conv+residual_conv]
  #5  Lab 13 (fno               ) | composite=0.4031 | trust=0.519 | [branch_trunk+fourier+attention+attention+fourier]

  Global best: Lab 7 (fitness=0.5712)
  Best architecture: fourier+wavelet+residual_conv | ch=64 | modes=8 | act=relu
================================================================================


  ── Diversity Metrics ──
  Active paradigms: deeponet(3) fno(4) hybrid_fno_attn(1) hybrid_fno_attn_spawn(1) random(4) transformer(3) 
  Block usage: fourier=30% attention=26% branch_trunk=20% residual_conv=13% wavelet=11% 
  Architectural diversity index: 0.4197 (0=homogeneous, 1=maximally diverse)
  Detected 3 rival camp(s):
    Camp 'fourier-dominant': Labs [0, 1, 2, 12], avg composite=0.3589
    Camp 'hybrid-mixed': Labs [3, 4, 6, 7, 8, 9, 10, 11, 13, 15], avg composite=0.3795
    Camp 'attention-dominant': Labs [5, 14], avg composite=0.4053
  ✓ checkpoint saved (iteration 6/20)

────────────────────────────────────────────────────────────────────────────────
  ITERATION 7/20
────────────────────────────────────────────────────────────────────────────────
  Active labs: 16/16

  Phase 1: Planning...

  Phase 2: Building and Training...
    Lab 0: 314,017 params, blocks=['fourier', 'fourier', 'fourier']
    Lab 1: 132,481 params, blocks=['fourier', 'attention', 'fourier', 'fourier']
    Lab 2: 599,457 params, blocks=['fourier', 'fourier', 'branch_trunk', 'fourier', 'branch_trunk']
    Lab 3: 113,617 params, blocks=['residual_conv', 'branch_trunk', 'wavelet']
    Lab 4: 84,161 params, blocks=['attention', 'attention', 'attention', 'branch_trunk', 'residual_conv']
    Lab 5: 104,769 params, blocks=['attention', 'attention', 'attention']
    Lab 6: 177,265 params, blocks=['fourier', 'wavelet', 'residual_conv']
    Lab 7: 87,297 params, blocks=['attention', 'wavelet']
    Lab 8: 145,502 params, blocks=['attention', 'branch_trunk', 'fourier', 'attention']
    Lab 9: 3,985 params, blocks=['wavelet', 'residual_conv']
    Lab 10: 80,867 params, blocks=['attention', 'branch_trunk']
    Lab 11: 183,657 params, blocks=['branch_trunk', 'wavelet', 'attention', 'branch_trunk']
    Lab 12: 253,329 params, blocks=['residual_conv', 'attention', 'fourier', 'fourier', 'branch_trunk', 'fourier']
    Lab 13: 242,129 params, blocks=['branch_trunk', 'fourier', 'attention', 'attention', 'fourier']
    Lab 14: 743,169 params, blocks=['attention', 'attention', 'wavelet', 'attention']
    Lab 15: 88,849 params, blocks=['branch_trunk', 'wavelet', 'wavelet']

  Phase 3: Peer Review...

  Phase 4: Composite Fitness...

================================================================================
  SWARM LEADERBOARD
================================================================================
  #1  Lab  4 (transformer       ) | composite=0.5220 | trust=0.786 | [attention+attention+attention+branch_trunk+residual_conv]
  #2  Lab  6 (hybrid_fno_attn_spawn) | composite=0.4705 | trust=0.381 | [fourier+wavelet+residual_conv]
  #3  Lab  8 (random            ) | composite=0.4661 | trust=0.585 | [attention+branch_trunk+fourier+attention]
  #4  Lab  5 (transformer       ) | composite=0.4357 | trust=0.541 | [attention+attention+attention]
  #5  Lab 10 (random            ) | composite=0.3790 | trust=0.427 | [attention+branch_trunk]

  Global best: Lab 7 (fitness=0.5712)
  Best architecture: fourier+wavelet+residual_conv | ch=64 | modes=8 | act=relu
================================================================================


  ── Diversity Metrics ──
  Active paradigms: deeponet(3) fno(4) hybrid_fno_attn(1) hybrid_fno_attn_spawn(1) random(4) transformer(3) 
  Block usage: attention=31% fourier=28% branch_trunk=19% wavelet=14% residual_conv=9% 
  Architectural diversity index: 0.4332 (0=homogeneous, 1=maximally diverse)
  Detected 3 rival camp(s):
    Camp 'fourier-dominant': Labs [0, 1, 2], avg composite=0.3020
    Camp 'hybrid-mixed': Labs [3, 6, 7, 8, 9, 10, 11, 12, 13], avg composite=0.3540
    Camp 'attention-dominant': Labs [4, 5, 14], avg composite=0.4449
  ✓ checkpoint saved (iteration 7/20)

────────────────────────────────────────────────────────────────────────────────
  ITERATION 8/20
────────────────────────────────────────────────────────────────────────────────
  Active labs: 16/16

  Phase 1: Planning...

  Phase 2: Building and Training...
    Lab 0: 287,329 params, blocks=['fourier', 'attention', 'fourier']
    Lab 1: 132,481 params, blocks=['fourier', 'attention', 'fourier', 'fourier']
    Lab 2: 10,449 params, blocks=['fourier', 'fourier', 'branch_trunk', 'fourier', 'branch_trunk']
    Lab 3: 128,001 params, blocks=['residual_conv', 'wavelet', 'wavelet']
    Lab 4: 84,161 params, blocks=['attention', 'attention', 'attention', 'branch_trunk', 'residual_conv']
    Lab 5: 82,945 params, blocks=['attention', 'fourier']
    Lab 6: 99,289 params, blocks=['wavelet', 'residual_conv']
    Lab 7: 87,297 params, blocks=['attention', 'wavelet']
    Lab 8: 190,154 params, blocks=['attention', 'branch_trunk', 'fourier', 'attention']
    Lab 9: 5,041 params, blocks=['wavelet', 'residual_conv']
    Lab 10: 131,224 params, blocks=['attention', 'fourier']
    Lab 11: 195,065 params, blocks=['branch_trunk', 'wavelet', 'attention', 'residual_conv']
    Lab 12: 239,201 params, blocks=['residual_conv', 'attention', 'fourier', 'branch_trunk', 'residual_conv', 'branch_trunk', 'fourier']
    Lab 13: 365,393 params, blocks=['branch_trunk', 'fourier', 'attention', 'attention', 'fourier']
    Lab 14: 632,009 params, blocks=['attention', 'attention', 'wavelet', 'attention']
    Lab 15: 88,849 params, blocks=['branch_trunk', 'wavelet', 'wavelet']

  Phase 3: Peer Review...

  Phase 4: Composite Fitness...

================================================================================
  SWARM LEADERBOARD
================================================================================
  #1  Lab 13 (fno               ) | composite=0.5391 | trust=0.629 | [branch_trunk+fourier+attention+attention+fourier]
  #2  Lab 14 (transformer       ) | composite=0.5259 | trust=0.577 | [attention+attention+wavelet+attention]
  #3  Lab 10 (random            ) | composite=0.4828 | trust=0.546 | [attention+fourier]
  #4  Lab  0 (fno               ) | composite=0.4540 | trust=0.651 | [fourier+attention+fourier]
  #5  Lab  4 (transformer       ) | composite=0.4275 | trust=0.771 | [attention+attention+attention+branch_trunk+residual_conv]

  Global best: Lab 7 (fitness=0.5712)
  Best architecture: fourier+wavelet+residual_conv | ch=64 | modes=8 | act=relu
================================================================================


  ── Diversity Metrics ──
  Active paradigms: deeponet(3) fno(4) hybrid_fno_attn(1) hybrid_fno_attn_spawn(1) random(4) transformer(3) 
  Block usage: attention=30% fourier=26% branch_trunk=16% wavelet=16% residual_conv=12% 
  Architectural diversity index: 0.4295 (0=homogeneous, 1=maximally diverse)
  Detected 4 rival camp(s):
    Camp 'fourier-dominant': Labs [0, 1, 2], avg composite=0.3822
    Camp 'wavelet-dominant': Labs [3, 15], avg composite=0.4105
    Camp 'attention-dominant': Labs [4, 14], avg composite=0.4767
    Camp 'hybrid-mixed': Labs [5, 6, 7, 8, 9, 10, 11, 12, 13], avg composite=0.3364
  ✓ checkpoint saved (iteration 8/20)

────────────────────────────────────────────────────────────────────────────────
  ITERATION 9/20
────────────────────────────────────────────────────────────────────────────────
  Active labs: 16/16

  Phase 1: Planning...

  Phase 2: Building and Training...
    Lab 0: 155,391 params, blocks=['fourier', 'fourier', 'wavelet']
    Lab 1: 132,481 params, blocks=['fourier', 'attention', 'fourier', 'fourier']
    Lab 2: 49,389 params, blocks=['fourier', 'fourier', 'branch_trunk', 'fourier', 'branch_trunk']
    Lab 3: 128,001 params, blocks=['residual_conv', 'wavelet', 'wavelet']
    Lab 4: 229,857 params, blocks=['attention', 'attention', 'attention', 'branch_trunk', 'residual_conv']
    Lab 5: 82,945 params, blocks=['attention', 'fourier']
    Lab 6: 287,233 params, blocks=['wavelet', 'wavelet', 'residual_conv']
    Lab 7: 55,889 params, blocks=['branch_trunk', 'wavelet']
    Lab 8: 144,709 params, blocks=['branch_trunk', 'fourier', 'attention']
    Lab 9: 10,465 params, blocks=['wavelet', 'fourier', 'residual_conv']
    Lab 10: 145,727 params, blocks=['attention', 'residual_conv']
    Lab 11: 229,505 params, blocks=['branch_trunk', 'wavelet', 'fourier', 'residual_conv']
    Lab 12: 296,609 params, blocks=['residual_conv', 'attention', 'fourier', 'branch_trunk', 'residual_conv', 'fourier', 'branch_trunk', 'fourier']
    Lab 13: 48,081 params, blocks=['branch_trunk', 'fourier', 'attention', 'attention', 'fourier']
    Lab 14: 464,331 params, blocks=['attention', 'attention', 'attention']
    Lab 15: 88,849 params, blocks=['branch_trunk', 'wavelet', 'wavelet']

  Phase 3: Peer Review...

  Phase 4: Composite Fitness...
    ★ NEW GLOBAL BEST: Lab 6 (composite=0.5744)

================================================================================
  SWARM LEADERBOARD
================================================================================
  #1  Lab  6 (hybrid_fno_attn_spawn) | composite=0.5744 | trust=0.534 | [wavelet+wavelet+residual_conv]
  #2  Lab 12 (fno               ) | composite=0.5015 | trust=0.447 | [residual_conv+attention+fourier+branch_trunk+residual_conv+fourier+branch_trunk+fourier]
  #3  Lab  7 (hybrid_fno_attn   ) | composite=0.4949 | trust=0.490 | [branch_trunk+wavelet]
  #4  Lab  4 (transformer       ) | composite=0.4942 | trust=0.816 | [attention+attention+attention+branch_trunk+residual_conv]
  #5  Lab  1 (fno               ) | composite=0.4852 | trust=0.513 | [fourier+attention+fourier+fourier]

  Global best: Lab 6 (fitness=0.5744)
  Best architecture: wavelet+wavelet+residual_conv | ch=96 | modes=10 | act=relu
================================================================================


  ── Diversity Metrics ──
  Active paradigms: deeponet(3) fno(4) hybrid_fno_attn(1) hybrid_fno_attn_spawn(1) random(4) transformer(3) 
  Block usage: fourier=29% attention=22% wavelet=17% branch_trunk=17% residual_conv=14% 
  Architectural diversity index: 0.4400 (0=homogeneous, 1=maximally diverse)
  Detected 4 rival camp(s):
    Camp 'fourier-dominant': Labs [0, 1, 2], avg composite=0.4283
    Camp 'wavelet-dominant': Labs [3, 6, 15], avg composite=0.4552
    Camp 'attention-dominant': Labs [4, 14], avg composite=0.4114
    Camp 'hybrid-mixed': Labs [5, 7, 8, 9, 10, 11, 12, 13], avg composite=0.3625
  ✓ checkpoint saved (iteration 9/20)

────────────────────────────────────────────────────────────────────────────────
  ITERATION 10/20
────────────────────────────────────────────────────────────────────────────────
  Active labs: 16/16

  Phase 1: Planning...

  Phase 2: Building and Training...
    Lab 0: 185,675 params, blocks=['fourier', 'fourier', 'wavelet']
    Lab 1: 123,361 params, blocks=['fourier', 'attention', 'fourier', 'wavelet']
    Lab 2: 152,289 params, blocks=['fourier', 'fourier', 'branch_trunk', 'fourier', 'branch_trunk']
    Lab 3: 86,721 params, blocks=['residual_conv', 'residual_conv', 'wavelet']
    Lab 4: 319,297 params, blocks=['attention', 'attention', 'fourier', 'branch_trunk', 'residual_conv']
    Lab 5: 82,945 params, blocks=['attention', 'fourier']
    Lab 6: 38,536 params, blocks=['wavelet', 'wavelet', 'residual_conv']
    Lab 7: 92,817 params, blocks=['branch_trunk', 'wavelet', 'fourier']
    Lab 8: 144,709 params, blocks=['branch_trunk', 'fourier', 'attention']
    Lab 9: 542,849 params, blocks=['wavelet', 'wavelet', 'wavelet']
    Lab 10: 145,727 params, blocks=['attention', 'residual_conv']
    Lab 11: 201,281 params, blocks=['branch_trunk', 'wavelet', 'fourier', 'residual_conv']
    Lab 12: 378,583 params, blocks=['residual_conv', 'attention', 'fourier', 'branch_trunk', 'fourier', 'fourier', 'branch_trunk', 'fourier']
    Lab 13: 157,153 params, blocks=['branch_trunk', 'fourier', 'attention', 'attention', 'fourier']
    Lab 14: 332,501 params, blocks=['attention', 'wavelet', 'wavelet']
    Lab 15: 170,274 params, blocks=['branch_trunk', 'wavelet', 'wavelet']

  Phase 3: Peer Review...

  Phase 4: Composite Fitness...

================================================================================
  SWARM LEADERBOARD
================================================================================
  #1  Lab 11 (random            ) | composite=0.5526 | trust=0.639 | [branch_trunk+wavelet+fourier+residual_conv]
  #2  Lab 10 (random            ) | composite=0.4399 | trust=0.584 | [attention+residual_conv]
  #3  Lab  1 (fno               ) | composite=0.4372 | trust=0.544 | [fourier+attention+fourier+wavelet]
  #4  Lab 14 (transformer       ) | composite=0.4273 | trust=0.470 | [attention+wavelet+wavelet]
  #5  Lab 12 (fno               ) | composite=0.4160 | trust=0.464 | [residual_conv+attention+fourier+branch_trunk+fourier+fourier+branch_trunk+fourier]

  Global best: Lab 6 (fitness=0.5744)
  Best architecture: wavelet+wavelet+residual_conv | ch=96 | modes=10 | act=relu
================================================================================


  ── Diversity Metrics ──
  Active paradigms: deeponet(3) fno(4) hybrid_fno_attn(1) hybrid_fno_attn_spawn(1) random(4) transformer(3) 
  Block usage: fourier=31% wavelet=24% attention=17% branch_trunk=17% residual_conv=12% 
  Architectural diversity index: 0.4254 (0=homogeneous, 1=maximally diverse)
  Detected 3 rival camp(s):
    Camp 'fourier-dominant': Labs [0, 2], avg composite=0.2803
    Camp 'hybrid-mixed': Labs [1, 4, 5, 7, 8, 10, 11, 12, 13], avg composite=0.3747
    Camp 'wavelet-dominant': Labs [6, 9, 14, 15], avg composite=0.3766
  ✓ checkpoint saved (iteration 10/20)

────────────────────────────────────────────────────────────────────────────────
  ITERATION 11/20
────────────────────────────────────────────────────────────────────────────────
  Active labs: 16/16

  Phase 1: Planning...

  Phase 2: Building and Training...
    Lab 0: 219,511 params, blocks=['fourier', 'fourier', 'wavelet']
    Lab 1: 132,097 params, blocks=['fourier', 'fourier', 'fourier', 'wavelet']
    Lab 2: 152,289 params, blocks=['fourier', 'fourier', 'branch_trunk', 'fourier', 'branch_trunk']
    Lab 3: 89,441 params, blocks=['residual_conv', 'residual_conv', 'wavelet']
    Lab 4: 590,001 params, blocks=['wavelet', 'attention', 'fourier', 'branch_trunk', 'residual_conv']
    Lab 5: 46,849 params, blocks=['attention', 'fourier']
    Lab 6: 189,853 params, blocks=['wavelet', 'wavelet', 'residual_conv']
    Lab 7: 41,249 params, blocks=['branch_trunk', 'wavelet']
    Lab 8: 231,785 params, blocks=['branch_trunk', 'fourier', 'attention']
    Lab 9: 542,849 params, blocks=['wavelet', 'wavelet', 'wavelet']
    Lab 10: 151,701 params, blocks=['attention', 'residual_conv']
    Lab 11: 264,869 params, blocks=['branch_trunk', 'fourier', 'wavelet', 'fourier', 'residual_conv']
    Lab 12: 796,671 params, blocks=['residual_conv', 'attention', 'fourier', 'branch_trunk', 'fourier', 'fourier', 'branch_trunk', 'fourier']
    Lab 13: 171,617 params, blocks=['branch_trunk', 'branch_trunk', 'fourier', 'attention', 'attention', 'fourier']
    Lab 14: 332,501 params, blocks=['attention', 'wavelet', 'wavelet']
    Lab 15: 430,807 params, blocks=['wavelet', 'wavelet', 'wavelet']

  Phase 3: Peer Review...

  Phase 4: Composite Fitness...

================================================================================
  SWARM LEADERBOARD
================================================================================
  #1  Lab 10 (random            ) | composite=0.5576 | trust=0.711 | [attention+residual_conv]
  #2  Lab  5 (transformer       ) | composite=0.5177 | trust=0.545 | [attention+fourier]
  #3  Lab  9 (random            ) | composite=0.4719 | trust=0.418 | [wavelet+wavelet+wavelet]
  #4  Lab  0 (fno               ) | composite=0.4629 | trust=0.515 | [fourier+fourier+wavelet]
  #5  Lab 11 (random            ) | composite=0.4556 | trust=0.649 | [branch_trunk+fourier+wavelet+fourier+residual_conv]

  Global best: Lab 6 (fitness=0.5744)
  Best architecture: wavelet+wavelet+residual_conv | ch=96 | modes=10 | act=relu
================================================================================


  ── Diversity Metrics ──
  Active paradigms: deeponet(3) fno(4) hybrid_fno_attn(1) hybrid_fno_attn_spawn(1) random(4) transformer(3) 
  Block usage: fourier=32% wavelet=27% branch_trunk=17% attention=13% residual_conv=12% 
  Architectural diversity index: 0.3966 (0=homogeneous, 1=maximally diverse)
  Detected 3 rival camp(s):
    Camp 'fourier-dominant': Labs [0, 1, 2], avg composite=0.3693
    Camp 'hybrid-mixed': Labs [4, 5, 7, 8, 10, 11, 12, 13], avg composite=0.4084
    Camp 'wavelet-dominant': Labs [6, 9, 14, 15], avg composite=0.4130
  ✓ checkpoint saved (iteration 11/20)

────────────────────────────────────────────────────────────────────────────────
  ITERATION 12/20
────────────────────────────────────────────────────────────────────────────────
  Active labs: 16/16

  Phase 1: Planning...

  Phase 2: Building and Training...
    Lab 0: 147,241 params, blocks=['fourier', 'attention']
    Lab 1: 737,626 params, blocks=['attention', 'fourier', 'fourier', 'wavelet']
    Lab 2: 152,289 params, blocks=['fourier', 'fourier', 'branch_trunk', 'fourier', 'branch_trunk']
    Lab 3: 219,961 params, blocks=['residual_conv', 'residual_conv', 'residual_conv']
    Lab 4: 239,399 params, blocks=['wavelet', 'attention', 'fourier', 'branch_trunk', 'residual_conv']
    Lab 5: 383,419 params, blocks=['residual_conv', 'fourier']
    Lab 6: 91,963 params, blocks=['wavelet', 'residual_conv']
    Lab 7: 31,937 params, blocks=['branch_trunk', 'wavelet']
    Lab 8: 170,885 params, blocks=['branch_trunk', 'fourier', 'attention']
    Lab 9: 481,297 params, blocks=['branch_trunk', 'wavelet', 'wavelet']
    Lab 10: 134,917 params, blocks=['attention', 'branch_trunk']
    Lab 11: 264,869 params, blocks=['branch_trunk', 'fourier', 'wavelet', 'fourier', 'residual_conv']
    Lab 12: 1,116,549 params, blocks=['wavelet', 'attention', 'fourier', 'branch_trunk', 'fourier', 'fourier', 'branch_trunk', 'fourier']
    Lab 13: 880,673 params, blocks=['branch_trunk', 'branch_trunk', 'fourier', 'attention', 'attention', 'fourier']
    Lab 14: 105,121 params, blocks=['wavelet', 'attention', 'wavelet', 'wavelet']
    Lab 15: 652,081 params, blocks=['wavelet', 'wavelet', 'fourier', 'wavelet']

  Phase 3: Peer Review...

  Phase 4: Composite Fitness...

================================================================================
  SWARM LEADERBOARD
================================================================================
  #1  Lab  1 (fno               ) | composite=0.5643 | trust=0.707 | [attention+fourier+fourier+wavelet]
  #2  Lab  3 (deeponet          ) | composite=0.5165 | trust=0.528 | [residual_conv+residual_conv+residual_conv]
  #3  Lab  5 (transformer       ) | composite=0.5145 | trust=0.620 | [residual_conv+fourier]
  #4  Lab 13 (fno               ) | composite=0.4845 | trust=0.594 | [branch_trunk+branch_trunk+fourier+attention+attention+fourier]
  #5  Lab  7 (hybrid_fno_attn   ) | composite=0.4215 | trust=0.467 | [branch_trunk+wavelet]

  Global best: Lab 6 (fitness=0.5744)
  Best architecture: wavelet+wavelet+residual_conv | ch=96 | modes=10 | act=relu
================================================================================


  ── Diversity Metrics ──
  Active paradigms: deeponet(3) fno(4) hybrid_fno_attn(1) hybrid_fno_attn_spawn(1) random(4) transformer(3) 
  Block usage: fourier=30% wavelet=23% branch_trunk=20% attention=15% residual_conv=12% 
  Architectural diversity index: 0.4235 (0=homogeneous, 1=maximally diverse)
  Detected 2 rival camp(s):
    Camp 'hybrid-mixed': Labs [0, 1, 4, 5, 6, 7, 8, 10, 11, 12, 13], avg composite=0.4065
    Camp 'wavelet-dominant': Labs [9, 14, 15], avg composite=0.3880
  ✓ checkpoint saved (iteration 12/20)

────────────────────────────────────────────────────────────────────────────────
  ITERATION 13/20
────────────────────────────────────────────────────────────────────────────────
  Active labs: 16/16

  Phase 1: Planning...

  Phase 2: Building and Training...
    Lab 0: 169,389 params, blocks=['fourier', 'attention']
    Lab 1: 806,145 params, blocks=['attention', 'fourier', 'fourier', 'wavelet']
    Lab 2: 304,974 params, blocks=['fourier', 'fourier', 'branch_trunk', 'fourier', 'branch_trunk']
    Lab 3: 310,622 params, blocks=['residual_conv', 'residual_conv', 'residual_conv']
    Lab 4: 232,815 params, blocks=['wavelet', 'attention', 'fourier', 'branch_trunk', 'branch_trunk']
    Lab 5: 158,159 params, blocks=['residual_conv', 'fourier']
    Lab 6: 138,601 params, blocks=['wavelet', 'wavelet']
    Lab 7: 211,571 params, blocks=['branch_trunk', 'wavelet']
    Lab 8: 186,023 params, blocks=['branch_trunk', 'fourier', 'attention']
    Lab 9: 481,297 params, blocks=['branch_trunk', 'wavelet', 'wavelet']
    Lab 10: 119,491 params, blocks=['attention', 'branch_trunk']
    Lab 11: 208,421 params, blocks=['branch_trunk', 'fourier', 'wavelet', 'fourier', 'residual_conv']
    Lab 12: 1,039,818 params, blocks=['wavelet', 'attention', 'fourier', 'branch_trunk', 'fourier', 'fourier', 'branch_trunk', 'fourier']
    Lab 13: 1,209,633 params, blocks=['branch_trunk', 'branch_trunk', 'fourier', 'attention', 'attention', 'fourier']
    Lab 14: 105,121 params, blocks=['wavelet', 'attention', 'wavelet', 'wavelet']
    Lab 15: 599,755 params, blocks=['wavelet', 'wavelet', 'fourier', 'wavelet', 'wavelet']

  Phase 3: Peer Review...

  Phase 4: Composite Fitness...

================================================================================
  SWARM LEADERBOARD
================================================================================
  #1  Lab  9 (random            ) | composite=0.4930 | trust=0.660 | [branch_trunk+wavelet+wavelet]
  #2  Lab  5 (transformer       ) | composite=0.4814 | trust=0.638 | [residual_conv+fourier]
  #3  Lab  6 (hybrid_fno_attn_spawn) | composite=0.4757 | trust=0.600 | [wavelet+wavelet]
  #4  Lab  2 (deeponet          ) | composite=0.4482 | trust=0.504 | [fourier+fourier+branch_trunk+fourier+branch_trunk]
  #5  Lab  8 (random            ) | composite=0.3734 | trust=0.340 | [branch_trunk+fourier+attention]

  Global best: Lab 6 (fitness=0.5744)
  Best architecture: wavelet+wavelet+residual_conv | ch=96 | modes=10 | act=relu
================================================================================


  ── Diversity Metrics ──
  Active paradigms: deeponet(3) fno(4) hybrid_fno_attn(1) hybrid_fno_attn_spawn(1) random(4) transformer(3) 
  Block usage: fourier=30% wavelet=26% branch_trunk=21% attention=15% residual_conv=8% 
  Architectural diversity index: 0.4066 (0=homogeneous, 1=maximally diverse)
  Detected 2 rival camp(s):
    Camp 'hybrid-mixed': Labs [0, 1, 4, 5, 7, 8, 10, 11, 12, 13], avg composite=0.3417
    Camp 'wavelet-dominant': Labs [6, 9, 14, 15], avg composite=0.3879
  ✓ checkpoint saved (iteration 13/20)

────────────────────────────────────────────────────────────────────────────────
  ITERATION 14/20
────────────────────────────────────────────────────────────────────────────────
  Active labs: 16/16

  Phase 1: Planning...

  Phase 2: Building and Training...
    Lab 0: 181,261 params, blocks=['fourier', 'wavelet']
    Lab 1: 655,161 params, blocks=['fourier', 'fourier', 'fourier', 'wavelet']
    Lab 2: 488,877 params, blocks=['fourier', 'fourier', 'branch_trunk', 'fourier', 'branch_trunk']
    Lab 3: 169,614 params, blocks=['residual_conv', 'residual_conv', 'residual_conv']
    Lab 4: 248,177 params, blocks=['wavelet', 'attention', 'fourier', 'branch_trunk', 'wavelet']
    Lab 5: 158,159 params, blocks=['residual_conv', 'fourier']
    Lab 6: 109,601 params, blocks=['wavelet', 'wavelet']
    Lab 7: 211,571 params, blocks=['branch_trunk', 'wavelet']
    Lab 8: 281,297 params, blocks=['branch_trunk', 'fourier', 'attention']
    Lab 9: 481,297 params, blocks=['branch_trunk', 'wavelet', 'wavelet']
    Lab 10: 121,997 params, blocks=['attention', 'branch_trunk']
    Lab 11: 688,938 params, blocks=['branch_trunk', 'wavelet', 'wavelet', 'fourier', 'fourier']
    Lab 12: 822,305 params, blocks=['wavelet', 'attention', 'fourier', 'branch_trunk', 'fourier', 'fourier', 'branch_trunk', 'fourier']
    Lab 13: 1,209,633 params, blocks=['branch_trunk', 'branch_trunk', 'fourier', 'attention', 'attention', 'fourier']
    Lab 14: 186,241 params, blocks=['wavelet', 'attention', 'wavelet', 'wavelet']
    Lab 15: 136,801 params, blocks=['wavelet', 'wavelet', 'wavelet', 'fourier', 'wavelet', 'fourier']

  Phase 3: Peer Review...

  Phase 4: Composite Fitness...

================================================================================
  SWARM LEADERBOARD
================================================================================
  #1  Lab  4 (transformer       ) | composite=0.5743 | trust=0.566 | [wavelet+attention+fourier+branch_trunk+wavelet]
  #2  Lab 12 (fno               ) | composite=0.5675 | trust=0.533 | [wavelet+attention+fourier+branch_trunk+fourier+fourier+branch_trunk+fourier]
  #3  Lab  5 (transformer       ) | composite=0.5174 | trust=0.737 | [residual_conv+fourier]
  #4  Lab  3 (deeponet          ) | composite=0.4999 | trust=0.540 | [residual_conv+residual_conv+residual_conv]
  #5  Lab  7 (hybrid_fno_attn   ) | composite=0.4957 | trust=0.517 | [branch_trunk+wavelet]

  Global best: Lab 6 (fitness=0.5744)
  Best architecture: wavelet+wavelet+residual_conv | ch=96 | modes=10 | act=relu
================================================================================


  ── Diversity Metrics ──
  Active paradigms: deeponet(3) fno(4) hybrid_fno_attn(1) hybrid_fno_attn_spawn(1) random(4) transformer(3) 
  Block usage: fourier=32% wavelet=31% branch_trunk=19% attention=11% residual_conv=6% 
  Architectural diversity index: 0.4136 (0=homogeneous, 1=maximally diverse)
  Detected 3 rival camp(s):
    Camp 'hybrid-mixed': Labs [0, 4, 5, 7, 8, 10, 11, 12, 13], avg composite=0.4738
    Camp 'fourier-dominant': Labs [1, 2], avg composite=0.4763
    Camp 'wavelet-dominant': Labs [6, 9, 14, 15], avg composite=0.3953
  ✓ checkpoint saved (iteration 14/20)

────────────────────────────────────────────────────────────────────────────────
  ITERATION 15/20
────────────────────────────────────────────────────────────────────────────────
  Active labs: 16/16

  Phase 1: Planning...

  Phase 2: Building and Training...
    Lab 0: 244,436 params, blocks=['fourier', 'fourier']
    Lab 1: 655,161 params, blocks=['fourier', 'fourier', 'fourier', 'wavelet']
    Lab 2: 534,704 params, blocks=['fourier', 'fourier', 'wavelet', 'fourier', 'branch_trunk']
    Lab 3: 169,614 params, blocks=['residual_conv', 'residual_conv', 'residual_conv']
    Lab 4: 91,406 params, blocks=['wavelet', 'wavelet', 'fourier', 'branch_trunk', 'wavelet']
    Lab 5: 128,054 params, blocks=['residual_conv', 'branch_trunk']
    Lab 6: 65,935 params, blocks=['wavelet', 'residual_conv']
    Lab 7: 218,257 params, blocks=['branch_trunk', 'wavelet']
    Lab 8: 356,081 params, blocks=['branch_trunk', 'attention', 'fourier', 'attention']
    Lab 9: 481,297 params, blocks=['branch_trunk', 'wavelet', 'wavelet']
    Lab 10: 127,087 params, blocks=['attention', 'branch_trunk']
    Lab 11: 893,583 params, blocks=['wavelet', 'wavelet', 'wavelet', 'fourier', 'fourier']
    Lab 12: 632,473 params, blocks=['wavelet', 'attention', 'fourier', 'branch_trunk', 'fourier', 'fourier', 'wavelet', 'fourier']
    Lab 13: 851,761 params, blocks=['branch_trunk', 'branch_trunk', 'fourier', 'attention', 'branch_trunk']
    Lab 14: 47,041 params, blocks=['wavelet', 'attention', 'wavelet', 'wavelet']
    Lab 15: 805,121 params, blocks=['wavelet', 'wavelet', 'wavelet', 'fourier', 'wavelet', 'fourier']

  Phase 3: Peer Review...

  Phase 4: Composite Fitness...
    ★ NEW GLOBAL BEST: Lab 3 (composite=0.5762)

================================================================================
  SWARM LEADERBOARD
================================================================================
  #1  Lab  3 (deeponet          ) | composite=0.5762 | trust=0.679 | [residual_conv+residual_conv+residual_conv]
  #2  Lab  0 (fno               ) | composite=0.5129 | trust=0.541 | [fourier+fourier]
  #3  Lab 12 (fno               ) | composite=0.4426 | trust=0.541 | [wavelet+attention+fourier+branch_trunk+fourier+fourier+wavelet+fourier]
  #4  Lab 10 (random            ) | composite=0.4009 | trust=0.602 | [attention+branch_trunk]
  #5  Lab 11 (random            ) | composite=0.3954 | trust=0.483 | [wavelet+wavelet+wavelet+fourier+fourier]

  Global best: Lab 3 (fitness=0.5762)
  Best architecture: residual_conv+residual_conv+residual_conv | ch=79 | modes=8 | act=relu
================================================================================


  ── Diversity Metrics ──
  Active paradigms: deeponet(3) fno(4) hybrid_fno_attn(1) hybrid_fno_attn_spawn(1) random(4) transformer(3) 
  Block usage: wavelet=34% fourier=31% branch_trunk=18% attention=10% residual_conv=8% 
  Architectural diversity index: 0.4465 (0=homogeneous, 1=maximally diverse)
  Detected 3 rival camp(s):
    Camp 'fourier-dominant': Labs [0, 1, 2], avg composite=0.3522
    Camp 'wavelet-dominant': Labs [4, 9, 11, 14, 15], avg composite=0.3078
    Camp 'hybrid-mixed': Labs [5, 6, 7, 8, 10, 12], avg composite=0.3673
  ✓ checkpoint saved (iteration 15/20)

────────────────────────────────────────────────────────────────────────────────
  ITERATION 16/20
────────────────────────────────────────────────────────────────────────────────
  Active labs: 16/16

  Phase 1: Planning...

  Phase 2: Building and Training...
    Lab 0: 129,976 params, blocks=['fourier', 'fourier']
    Lab 1: 607,676 params, blocks=['fourier', 'fourier', 'fourier', 'wavelet']
    Lab 2: 732,728 params, blocks=['fourier', 'fourier', 'wavelet', 'fourier', 'branch_trunk']
    Lab 3: 111,489 params, blocks=['residual_conv', 'residual_conv', 'residual_conv']
    Lab 4: 406,046 params, blocks=['wavelet', 'wavelet', 'fourier', 'branch_trunk', 'wavelet']
    Lab 5: 7,123 params, blocks=['attention', 'branch_trunk']
    Lab 6: 48,051 params, blocks=['wavelet', 'residual_conv']
    Lab 7: 48,161 params, blocks=['branch_trunk', 'attention']
    Lab 8: 239,457 params, blocks=['branch_trunk', 'attention', 'branch_trunk', 'attention']
    Lab 9: 121,873 params, blocks=['branch_trunk', 'wavelet', 'wavelet']
    Lab 10: 149,452 params, blocks=['attention', 'attention']
    Lab 11: 717,751 params, blocks=['wavelet', 'wavelet', 'wavelet', 'fourier', 'fourier']
    Lab 12: 729,421 params, blocks=['wavelet', 'attention', 'fourier', 'branch_trunk', 'fourier', 'fourier', 'wavelet', 'fourier']
    Lab 13: 588,593 params, blocks=['branch_trunk', 'branch_trunk', 'fourier', 'attention', 'branch_trunk']
    Lab 14: 44,961 params, blocks=['wavelet', 'residual_conv', 'attention', 'wavelet']
    Lab 15: 805,377 params, blocks=['wavelet', 'wavelet', 'wavelet', 'fourier', 'wavelet', 'wavelet']

  Phase 3: Peer Review...

  Phase 4: Composite Fitness...

================================================================================
  SWARM LEADERBOARD
================================================================================
  #1  Lab  9 (random            ) | composite=0.5574 | trust=0.718 | [branch_trunk+wavelet+wavelet]
  #2  Lab  4 (transformer       ) | composite=0.4214 | trust=0.485 | [wavelet+wavelet+fourier+branch_trunk+wavelet]
  #3  Lab  3 (deeponet          ) | composite=0.4008 | trust=0.618 | [residual_conv+residual_conv+residual_conv]
  #4  Lab 14 (transformer       ) | composite=0.3924 | trust=0.532 | [wavelet+residual_conv+attention+wavelet]
  #5  Lab  1 (fno               ) | composite=0.3860 | trust=0.581 | [fourier+fourier+fourier+wavelet]

  Global best: Lab 3 (fitness=0.5762)
  Best architecture: residual_conv+residual_conv+residual_conv | ch=79 | modes=8 | act=relu
================================================================================


  ── Diversity Metrics ──
  Active paradigms: deeponet(3) fno(4) hybrid_fno_attn(1) hybrid_fno_attn_spawn(1) random(4) transformer(3) 
  Block usage: wavelet=32% fourier=27% branch_trunk=18% attention=15% residual_conv=8% 
  Architectural diversity index: 0.4543 (0=homogeneous, 1=maximally diverse)
  Detected 3 rival camp(s):
    Camp 'fourier-dominant': Labs [0, 1, 2], avg composite=0.3714
    Camp 'wavelet-dominant': Labs [4, 9, 11, 15], avg composite=0.4280
    Camp 'hybrid-mixed': Labs [5, 6, 7, 8, 12, 14], avg composite=0.3604
  ✓ checkpoint saved (iteration 16/20)

────────────────────────────────────────────────────────────────────────────────
  ITERATION 17/20
────────────────────────────────────────────────────────────────────────────────
  Active labs: 16/16

  Phase 1: Planning...

  Phase 2: Building and Training...
    Lab 0: 174,721 params, blocks=['fourier', 'residual_conv']
    Lab 1: 326,486 params, blocks=['fourier', 'fourier', 'fourier', 'wavelet']
    Lab 2: 547,913 params, blocks=['fourier', 'fourier', 'wavelet', 'fourier', 'branch_trunk']
    Lab 3: 95,077 params, blocks=['wavelet', 'residual_conv', 'residual_conv']
    Lab 4: 568,169 params, blocks=['wavelet', 'wavelet', 'fourier', 'branch_trunk', 'residual_conv']
    Lab 5: 79,747 params, blocks=['attention', 'branch_trunk']
    Lab 6: 96,561 params, blocks=['wavelet', 'residual_conv']
    Lab 7: 9,367 params, blocks=['branch_trunk', 'attention']
    Lab 8: 220,161 params, blocks=['branch_trunk', 'attention', 'branch_trunk', 'residual_conv']
    Lab 9: 121,873 params, blocks=['branch_trunk', 'wavelet', 'wavelet']
    Lab 10: 149,452 params, blocks=['attention', 'attention']
    Lab 11: 489,809 params, blocks=['wavelet', 'wavelet', 'fourier', 'fourier', 'residual_conv']
    Lab 12: 548,357 params, blocks=['wavelet', 'attention', 'fourier', 'branch_trunk', 'fourier', 'fourier', 'fourier', 'fourier']
    Lab 13: 851,761 params, blocks=['branch_trunk', 'branch_trunk', 'fourier', 'attention', 'branch_trunk']
    Lab 14: 54,321 params, blocks=['wavelet', 'residual_conv', 'branch_trunk', 'attention', 'wavelet']
    Lab 15: 1,183,489 params, blocks=['wavelet', 'wavelet', 'wavelet', 'fourier', 'wavelet', 'wavelet']

  Phase 3: Peer Review...

  Phase 4: Composite Fitness...

================================================================================
  SWARM LEADERBOARD
================================================================================
  #1  Lab  6 (hybrid_fno_attn_spawn) | composite=0.5663 | trust=0.560 | [wavelet+residual_conv]
  #2  Lab 10 (random            ) | composite=0.4849 | trust=0.603 | [attention+attention]
  #3  Lab  5 (transformer       ) | composite=0.4701 | trust=0.663 | [attention+branch_trunk]
  #4  Lab  8 (random            ) | composite=0.4679 | trust=0.451 | [branch_trunk+attention+branch_trunk+residual_conv]
  #5  Lab 14 (transformer       ) | composite=0.4454 | trust=0.566 | [wavelet+residual_conv+branch_trunk+attention+wavelet]

  Global best: Lab 3 (fitness=0.5762)
  Best architecture: residual_conv+residual_conv+residual_conv | ch=79 | modes=8 | act=relu
================================================================================


  ── Diversity Metrics ──
  Active paradigms: deeponet(3) fno(4) hybrid_fno_attn(1) hybrid_fno_attn_spawn(1) random(4) transformer(3) 
  Block usage: wavelet=29% fourier=27% branch_trunk=19% residual_conv=13% attention=13% 
  Architectural diversity index: 0.4084 (0=homogeneous, 1=maximally diverse)
  Detected 3 rival camp(s):
    Camp 'hybrid-mixed': Labs [0, 4, 5, 6, 7, 8, 11, 14], avg composite=0.4095
    Camp 'fourier-dominant': Labs [1, 2, 12], avg composite=0.3383
    Camp 'wavelet-dominant': Labs [9, 15], avg composite=0.3577
  ✓ checkpoint saved (iteration 17/20)

────────────────────────────────────────────────────────────────────────────────
  ITERATION 18/20
────────────────────────────────────────────────────────────────────────────────
  Active labs: 16/16

  Phase 1: Planning...

  Phase 2: Building and Training...
    Lab 0: 78,529 params, blocks=['wavelet', 'residual_conv']
    Lab 1: 220,151 params, blocks=['fourier', 'fourier', 'fourier', 'residual_conv']
    Lab 2: 489,743 params, blocks=['fourier', 'fourier', 'wavelet', 'fourier', 'branch_trunk']
    Lab 3: 108,825 params, blocks=['wavelet', 'residual_conv', 'residual_conv']
    Lab 4: 190,517 params, blocks=['wavelet', 'wavelet', 'fourier', 'branch_trunk', 'residual_conv']
    Lab 5: 203,813 params, blocks=['attention', 'branch_trunk']
    Lab 6: 104,859 params, blocks=['residual_conv', 'wavelet']
    Lab 7: 58,127 params, blocks=['branch_trunk', 'attention']
    Lab 8: 137,098 params, blocks=['branch_trunk', 'residual_conv', 'branch_trunk', 'residual_conv']
    Lab 9: 448,401 params, blocks=['branch_trunk', 'residual_conv', 'wavelet']
    Lab 10: 109,821 params, blocks=['residual_conv', 'attention']
    Lab 11: 567,249 params, blocks=['wavelet', 'wavelet', 'fourier', 'fourier', 'residual_conv']
    Lab 12: 607,297 params, blocks=['wavelet', 'attention', 'fourier', 'branch_trunk', 'fourier', 'fourier', 'fourier', 'fourier']
    Lab 13: 13,825 params, blocks=['branch_trunk', 'branch_trunk', 'fourier', 'attention', 'residual_conv']
    Lab 14: 505,522 params, blocks=['wavelet', 'residual_conv', 'branch_trunk', 'residual_conv', 'wavelet']
    Lab 15: 1,232,641 params, blocks=['wavelet', 'wavelet', 'wavelet', 'fourier', 'wavelet', 'wavelet']

  Phase 3: Peer Review...

  Phase 4: Composite Fitness...

================================================================================
  SWARM LEADERBOARD
================================================================================
  #1  Lab  8 (random            ) | composite=0.5751 | trust=0.616 | [branch_trunk+residual_conv+branch_trunk+residual_conv]
  #2  Lab  4 (transformer       ) | composite=0.5204 | trust=0.559 | [wavelet+wavelet+fourier+branch_trunk+residual_conv]
  #3  Lab 12 (fno               ) | composite=0.4688 | trust=0.537 | [wavelet+attention+fourier+branch_trunk+fourier+fourier+fourier+fourier]
  #4  Lab 15 (deeponet          ) | composite=0.4687 | trust=0.451 | [wavelet+wavelet+wavelet+fourier+wavelet+wavelet]
  #5  Lab  7 (hybrid_fno_attn   ) | composite=0.4686 | trust=0.558 | [branch_trunk+attention]

  Global best: Lab 3 (fitness=0.5762)
  Best architecture: residual_conv+residual_conv+residual_conv | ch=79 | modes=8 | act=relu
================================================================================


  ── Diversity Metrics ──
  Active paradigms: deeponet(3) fno(4) hybrid_fno_attn(1) hybrid_fno_attn_spawn(1) random(4) transformer(3) 
  Block usage: wavelet=27% fourier=25% residual_conv=22% branch_trunk=17% attention=8% 
  Architectural diversity index: 0.3962 (0=homogeneous, 1=maximally diverse)
  Detected 2 rival camp(s):
    Camp 'hybrid-mixed': Labs [0, 4, 5, 6, 7, 8, 9, 10, 11, 13, 14], avg composite=0.4002
    Camp 'fourier-dominant': Labs [1, 2, 12], avg composite=0.3692
  ✓ checkpoint saved (iteration 18/20)

────────────────────────────────────────────────────────────────────────────────
  ITERATION 19/20
────────────────────────────────────────────────────────────────────────────────
  Active labs: 16/16

  Phase 1: Planning...

  Phase 2: Building and Training...
    Lab 0: 19,809 params, blocks=['wavelet', 'residual_conv']
    Lab 1: 719,225 params, blocks=['fourier', 'fourier', 'fourier', 'residual_conv']
    Lab 2: 1,219,089 params, blocks=['fourier', 'fourier', 'wavelet', 'fourier', 'branch_trunk']
    Lab 3: 205,885 params, blocks=['wavelet', 'residual_conv', 'residual_conv']
    Lab 4: 125,653 params, blocks=['wavelet', 'wavelet', 'residual_conv', 'branch_trunk', 'attention']
    Lab 5: 36,737 params, blocks=['attention', 'branch_trunk']
    Lab 6: 46,159 params, blocks=['residual_conv', 'wavelet']
    Lab 7: 137,517 params, blocks=['branch_trunk', 'residual_conv']
    Lab 8: 106,212 params, blocks=['branch_trunk', 'residual_conv', 'residual_conv', 'residual_conv']
    Lab 9: 448,401 params, blocks=['branch_trunk', 'wavelet', 'residual_conv']
    Lab 10: 108,152 params, blocks=['attention', 'attention']
    Lab 11: 273,145 params, blocks=['wavelet', 'wavelet', 'fourier', 'fourier', 'residual_conv']
    Lab 12: 793,577 params, blocks=['wavelet', 'attention', 'fourier', 'branch_trunk', 'fourier', 'fourier', 'fourier', 'fourier']
    Lab 13: 13,825 params, blocks=['branch_trunk', 'branch_trunk', 'fourier', 'attention', 'residual_conv']
    Lab 14: 51,985 params, blocks=['wavelet', 'residual_conv', 'branch_trunk', 'residual_conv', 'wavelet']
    Lab 15: 375,221 params, blocks=['wavelet', 'wavelet', 'wavelet', 'fourier', 'wavelet', 'wavelet']

  Phase 3: Peer Review...

  Phase 4: Composite Fitness...

================================================================================
  SWARM LEADERBOARD
================================================================================
  #1  Lab 11 (random            ) | composite=0.5631 | trust=0.567 | [wavelet+wavelet+fourier+fourier+residual_conv]
  #2  Lab  6 (hybrid_fno_attn_spawn) | composite=0.4670 | trust=0.476 | [residual_conv+wavelet]
  #3  Lab  2 (deeponet          ) | composite=0.4595 | trust=0.553 | [fourier+fourier+wavelet+fourier+branch_trunk]
  #4  Lab  3 (deeponet          ) | composite=0.4588 | trust=0.581 | [wavelet+residual_conv+residual_conv]
  #5  Lab 12 (fno               ) | composite=0.4103 | trust=0.519 | [wavelet+attention+fourier+branch_trunk+fourier+fourier+fourier+fourier]

  Global best: Lab 3 (fitness=0.5762)
  Best architecture: residual_conv+residual_conv+residual_conv | ch=79 | modes=8 | act=relu
================================================================================


  ── Diversity Metrics ──
  Active paradigms: deeponet(3) fno(4) hybrid_fno_attn(1) hybrid_fno_attn_spawn(1) random(4) transformer(3) 
  Block usage: wavelet=27% residual_conv=24% fourier=24% branch_trunk=16% attention=10% 
  Architectural diversity index: 0.4034 (0=homogeneous, 1=maximally diverse)
  Detected 3 rival camp(s):
    Camp 'hybrid-mixed': Labs [0, 4, 5, 6, 7, 9, 11, 13, 14], avg composite=0.3704
    Camp 'fourier-dominant': Labs [1, 2, 12], avg composite=0.4244
    Camp 'residual_conv-dominant': Labs [3, 8], avg composite=0.3890
  ✓ checkpoint saved (iteration 19/20)

────────────────────────────────────────────────────────────────────────────────
  ITERATION 20/20
────────────────────────────────────────────────────────────────────────────────
  Active labs: 16/16

  Phase 1: Planning...

  Phase 2: Building and Training...
    Lab 0: 264,398 params, blocks=['wavelet', 'fourier']
    Lab 1: 605,617 params, blocks=['wavelet', 'fourier', 'fourier', 'residual_conv']
    Lab 2: 516,177 params, blocks=['fourier', 'fourier', 'wavelet', 'fourier', 'branch_trunk']
    Lab 3: 312,733 params, blocks=['fourier', 'wavelet', 'attention', 'residual_conv']
    Lab 4: 86,845 params, blocks=['wavelet', 'wavelet', 'residual_conv', 'branch_trunk', 'attention']
    Lab 5: 35,173 params, blocks=['attention', 'branch_trunk']
    Lab 6: 75,608 params, blocks=['attention', 'residual_conv', 'wavelet']
    Lab 7: 66,789 params, blocks=['wavelet', 'residual_conv']
    Lab 8: 132,692 params, blocks=['branch_trunk', 'residual_conv', 'residual_conv', 'residual_conv']
    Lab 9: 419,745 params, blocks=['branch_trunk', 'wavelet', 'branch_trunk']
    Lab 10: 108,152 params, blocks=['attention', 'attention']
    Lab 11: 344,893 params, blocks=['wavelet', 'wavelet', 'wavelet', 'fourier', 'residual_conv']
    Lab 12: 756,811 params, blocks=['wavelet', 'attention', 'fourier', 'branch_trunk', 'fourier', 'fourier', 'fourier', 'fourier']
    Lab 13: 12,881 params, blocks=['branch_trunk', 'residual_conv', 'fourier', 'fourier', 'residual_conv']
    Lab 14: 343,393 params, blocks=['wavelet', 'residual_conv', 'attention', 'residual_conv', 'wavelet']
    Lab 15: 254,859 params, blocks=['wavelet', 'wavelet', 'wavelet', 'fourier', 'wavelet', 'wavelet']

  Phase 3: Peer Review...

  Phase 4: Composite Fitness...

================================================================================
  SWARM LEADERBOARD
================================================================================
  #1  Lab  8 (random            ) | composite=0.5319 | trust=0.606 | [branch_trunk+residual_conv+residual_conv+residual_conv]
  #2  Lab  3 (deeponet          ) | composite=0.5305 | trust=0.680 | [fourier+wavelet+attention+residual_conv]
  #3  Lab  5 (transformer       ) | composite=0.4656 | trust=0.631 | [attention+branch_trunk]
  #4  Lab 10 (random            ) | composite=0.4593 | trust=0.553 | [attention+attention]
  #5  Lab 13 (fno               ) | composite=0.4438 | trust=0.636 | [branch_trunk+residual_conv+fourier+fourier+residual_conv]

  Global best: Lab 3 (fitness=0.5762)
  Best architecture: residual_conv+residual_conv+residual_conv | ch=79 | modes=8 | act=relu
================================================================================


  ── Diversity Metrics ──
  Active paradigms: deeponet(3) fno(4) hybrid_fno_attn(1) hybrid_fno_attn_spawn(1) random(4) transformer(3) 
  Block usage: wavelet=31% fourier=25% residual_conv=20% branch_trunk=12% attention=12% 
  Architectural diversity index: 0.3903 (0=homogeneous, 1=maximally diverse)
  Detected 3 rival camp(s):
    Camp 'hybrid-mixed': Labs [0, 1, 3, 4, 5, 6, 7, 13, 14], avg composite=0.4081
    Camp 'fourier-dominant': Labs [2, 12], avg composite=0.3086
    Camp 'wavelet-dominant': Labs [11, 15], avg composite=0.3394
  ✓ checkpoint saved (iteration 20/20)

================================================================================
  FINAL REPORT: AI SCIENTIFIC COMMUNITY RESULTS
================================================================================

  ★ GLOBAL BEST ARCHITECTURE ★
  Discovered by: Lab 3
  Composite fitness: 0.5762
  Block sequence: residual_conv → residual_conv → residual_conv
  Hidden channels: 79
  Fourier modes: 8
  Activation: relu
  Gating: True | Skip: True | Dropout: 0.02499879701752125
  LR: 0.0005000000076033209 | WD: 0.0001

  ── Architecture Classification ──
  Type: PURE RESIDUAL_CONV

  ── All Labs Final State ──
  [ACTIVE] Lab 8 (random): [branch_trunk+residual_conv+residual_conv+residual_conv] ch=75 modes=7 | acc=0.3248, gen=0.3104, eff=0.9861, nov=0.6892, comp=0.5319 | trust=0.606
  [ACTIVE] Lab 3 (deeponet): [fourier+wavelet+attention+residual_conv] ch=84 modes=8 | acc=0.3280, gen=0.3138, eff=0.9678, nov=0.5305, comp=0.5305 | trust=0.680
  [ACTIVE] Lab 5 (transformer): [attention+branch_trunk] ch=44 modes=6 | acc=0.2376, gen=0.2323, eff=0.9959, nov=0.7769, comp=0.4656 | trust=0.631
  [ACTIVE] Lab 10 (random): [attention+attention] ch=79 modes=16 | acc=0.2773, gen=0.2591, eff=0.9888, nov=1.0000, comp=0.4593 | trust=0.553
  [ACTIVE] Lab 13 (fno): [branch_trunk+residual_conv+fourier+fourier+residual_conv] ch=16 modes=6 | acc=0.1302, gen=0.1298, eff=0.9978, nov=0.7667, comp=0.4438 | trust=0.636
  [ACTIVE] Lab 6 (hybrid_fno_attn_spawn): [attention+residual_conv+wavelet] ch=49 modes=5 | acc=0.3359, gen=0.3169, eff=0.9919, nov=0.5936, comp=0.4223 | trust=0.491
  [ACTIVE] Lab 0 (fno): [wavelet+fourier] ch=107 modes=9 | acc=0.3326, gen=0.3170, eff=0.9730, nov=0.6640, comp=0.4222 | trust=0.353
  [ACTIVE] Lab 12 (fno): [wavelet+attention+fourier+branch_trunk+fourier+fourier+fourier+fourier] ch=83 modes=11 | acc=0.3281, gen=0.3127, eff=0.9224, nov=0.7160, comp=0.3692 | trust=0.471
  [ACTIVE] Lab 14 (transformer): [wavelet+residual_conv+attention+residual_conv+wavelet] ch=96 modes=10 | acc=0.2412, gen=0.2394, eff=0.9649, nov=0.7142, comp=0.3662 | trust=0.493
  [ACTIVE] Lab 7 (hybrid_fno_attn): [wavelet+residual_conv] ch=59 modes=6 | acc=0.3104, gen=0.2965, eff=0.9929, nov=0.6138, comp=0.3621 | trust=0.455
  [ACTIVE] Lab 15 (deeponet): [wavelet+wavelet+wavelet+fourier+wavelet+wavelet] ch=61 modes=6 | acc=0.3108, gen=0.2971, eff=0.9734, nov=0.6211, comp=0.3581 | trust=0.398
  [ACTIVE] Lab 4 (transformer): [wavelet+wavelet+residual_conv+branch_trunk+attention] ch=49 modes=8 | acc=0.3042, gen=0.2940, eff=0.9906, nov=0.6463, comp=0.3548 | trust=0.416
  [ACTIVE] Lab 11 (random): [wavelet+wavelet+wavelet+fourier+residual_conv] ch=82 modes=3 | acc=0.3355, gen=0.3191, eff=0.9643, nov=0.5850, comp=0.3208 | trust=0.455
  [ACTIVE] Lab 9 (random): [branch_trunk+wavelet+branch_trunk] ch=128 modes=2 | acc=0.3113, gen=0.2975, eff=0.9573, nov=0.9158, comp=0.3109 | trust=0.421
  [ACTIVE] Lab 1 (fno): [wavelet+fourier+fourier+residual_conv] ch=111 modes=10 | acc=0.3196, gen=0.3065, eff=0.9385, nov=0.5934, comp=0.3052 | trust=0.388
  [ACTIVE] Lab 2 (deeponet): [fourier+fourier+wavelet+fourier+branch_trunk] ch=80 modes=16 | acc=0.1421, gen=0.1412, eff=0.9473, nov=0.8677, comp=0.2479 | trust=0.482

  ── Global Best Evolution ──
  Iter  1: fitness=0.5539 | lab=4 | blocks=attention+attention+attention+residual_conv | active=16
  Iter  2: fitness=0.5632 | lab=4 | blocks=attention+attention+attention+residual_conv | active=16
  Iter  3: fitness=0.5632 | lab=4 | blocks=attention+attention+attention+residual_conv | active=16
  Iter  4: fitness=0.5632 | lab=4 | blocks=attention+attention+attention+residual_conv | active=16
  Iter  5: fitness=0.5632 | lab=4 | blocks=attention+attention+attention+residual_conv | active=16
  Iter  6: fitness=0.5712 | lab=7 | blocks=fourier+wavelet+residual_conv | active=16
  Iter  7: fitness=0.5712 | lab=7 | blocks=fourier+wavelet+residual_conv | active=16
  Iter  8: fitness=0.5712 | lab=7 | blocks=fourier+wavelet+residual_conv | active=16
  Iter  9: fitness=0.5744 | lab=6 | blocks=wavelet+wavelet+residual_conv | active=16
  Iter 10: fitness=0.5744 | lab=6 | blocks=wavelet+wavelet+residual_conv | active=16
  Iter 11: fitness=0.5744 | lab=6 | blocks=wavelet+wavelet+residual_conv | active=16
  Iter 12: fitness=0.5744 | lab=6 | blocks=wavelet+wavelet+residual_conv | active=16
  Iter 13: fitness=0.5744 | lab=6 | blocks=wavelet+wavelet+residual_conv | active=16
  Iter 14: fitness=0.5744 | lab=6 | blocks=wavelet+wavelet+residual_conv | active=16
  Iter 15: fitness=0.5762 | lab=3 | blocks=residual_conv+residual_conv+residual_conv | active=16
  Iter 16: fitness=0.5762 | lab=3 | blocks=residual_conv+residual_conv+residual_conv | active=16
  Iter 17: fitness=0.5762 | lab=3 | blocks=residual_conv+residual_conv+residual_conv | active=16
  Iter 18: fitness=0.5762 | lab=3 | blocks=residual_conv+residual_conv+residual_conv | active=16
  Iter 19: fitness=0.5762 | lab=3 | blocks=residual_conv+residual_conv+residual_conv | active=16
  Iter 20: fitness=0.5762 | lab=3 | blocks=residual_conv+residual_conv+residual_conv | active=16

  ✓ FINAL.json written. Done.
==== [2/3] paper_advec_seed42 ====
╔══════════════════════════════════════════════════════════════════════════════╗
║                 1D SWARM (resume-safe)  preset=paper-grade-1d                ║
║                   pde=advec  tag=paper_advec_seed42  seed=42                 ║
╚══════════════════════════════════════════════════════════════════════════════╝
  Config: 16 labs x 20 iter, res=128, train=256, epochs/iter=40, device=cuda
  Agentic: OFF
  Run dir: C:\Users\luisl\OneDrive\Documentos\TAMU\2026.4 ICERM\Neural Operator Discovery\results\swarm_runs\paper_advec_seed42
  Generating LinearAdvection-1D data...
  Train: (256, 1, 128), Test: (64, 1, 128)

  Cached data to C:\Users\luisl\OneDrive\Documentos\TAMU\2026.4 ICERM\Neural Operator Discovery\results\swarm_runs\paper_advec_seed42\data.pt
  No checkpoint found — initializing fresh swarm

================================================================================
  INITIALIZING AI SCIENTIFIC COMMUNITY (1D)
================================================================================
  Lab 0 (fno): blocks=['fourier', 'fourier', 'fourier', 'fourier'], ch=64, modes=12
  Lab 1 (fno): blocks=['fourier', 'fourier', 'fourier', 'fourier'], ch=64, modes=12
  Lab 2 (deeponet): blocks=['branch_trunk', 'branch_trunk', 'branch_trunk', 'branch_trunk'], ch=64, modes=8
  Lab 3 (deeponet): blocks=['branch_trunk', 'branch_trunk', 'branch_trunk', 'branch_trunk'], ch=64, modes=8
  Lab 4 (transformer): blocks=['attention', 'attention', 'attention'], ch=64, modes=8
  Lab 5 (transformer): blocks=['attention', 'attention', 'attention'], ch=64, modes=8
  Lab 6 (wavelet): blocks=['wavelet', 'wavelet', 'wavelet', 'wavelet'], ch=48, modes=8
  Lab 7 (hybrid_fno_attn): blocks=['fourier', 'attention', 'fourier', 'attention'], ch=64, modes=10
  Lab 8 (random): blocks=['branch_trunk', 'branch_trunk', 'attention', 'attention', 'branch_trunk'], ch=32, modes=4
  Lab 9 (random): blocks=['wavelet', 'residual_conv'], ch=32, modes=10
  Lab 10 (random): blocks=['attention', 'branch_trunk'], ch=32, modes=6
  Lab 11 (random): blocks=['branch_trunk', 'attention', 'branch_trunk', 'fourier'], ch=48, modes=12
  Lab 12 (fno): blocks=['fourier', 'fourier', 'fourier', 'fourier'], ch=64, modes=12
  Lab 13 (fno): blocks=['fourier', 'fourier', 'fourier', 'fourier'], ch=64, modes=12
  Lab 14 (transformer): blocks=['attention', 'attention', 'attention'], ch=64, modes=8
  Lab 15 (deeponet): blocks=['branch_trunk', 'branch_trunk', 'branch_trunk', 'branch_trunk'], ch=64, modes=8

  Initialized 16 virtual 1D labs across 6 paradigms

================================================================================
  BEGINNING SWARM ITERATIONS
================================================================================

────────────────────────────────────────────────────────────────────────────────
  ITERATION 1/20
────────────────────────────────────────────────────────────────────────────────
  Active labs: 16/16

  Phase 1: Planning...

  Phase 2: Building and Training...
    Lab 0: 217,601 params, blocks=['fourier', 'fourier', 'fourier', 'fourier']
    Lab 1: 217,601 params, blocks=['fourier', 'fourier', 'fourier', 'fourier']
    Lab 2: 78,657 params, blocks=['branch_trunk', 'branch_trunk', 'branch_trunk', 'branch_trunk']
    Lab 3: 93,553 params, blocks=['attention', 'branch_trunk', 'branch_trunk', 'branch_trunk']
    Lab 4: 179,009 params, blocks=['attention', 'attention', 'attention', 'residual_conv']
    Lab 5: 104,769 params, blocks=['attention', 'attention', 'attention']
    Lab 6: 130,225 params, blocks=['wavelet', 'wavelet', 'fourier', 'wavelet', 'wavelet']
    Lab 7: 157,633 params, blocks=['fourier', 'attention', 'attention']
    Lab 8: 90,081 params, blocks=['branch_trunk', 'branch_trunk', 'attention', 'attention']
    Lab 9: 15,649 params, blocks=['wavelet', 'residual_conv']
    Lab 10: 14,897 params, blocks=['attention', 'branch_trunk']
    Lab 11: 101,121 params, blocks=['branch_trunk', 'attention', 'branch_trunk', 'fourier']
    Lab 12: 251,073 params, blocks=['fourier', 'attention', 'fourier', 'fourier', 'fourier']
    Lab 13: 217,601 params, blocks=['fourier', 'fourier', 'fourier', 'fourier']
    Lab 14: 104,769 params, blocks=['attention', 'attention', 'attention']
    Lab 15: 84,785 params, blocks=['branch_trunk', 'branch_trunk', 'branch_trunk', 'residual_conv']

  Phase 3: Peer Review...

  Phase 4: Composite Fitness...
    ★ NEW GLOBAL BEST: Lab 0 (composite=0.5824)

================================================================================
  SWARM LEADERBOARD
================================================================================
  #1  Lab  0 (fno               ) | composite=0.5824 | trust=1.000 | [fourier+fourier+fourier+fourier]
  #2  Lab  6 (wavelet           ) | composite=0.5446 | trust=0.866 | [wavelet+wavelet+fourier+wavelet+wavelet]
  #3  Lab  1 (fno               ) | composite=0.5360 | trust=0.871 | [fourier+fourier+fourier+fourier]
  #4  Lab  7 (hybrid_fno_attn   ) | composite=0.4442 | trust=0.694 | [fourier+attention+attention]
  #5  Lab 12 (fno               ) | composite=0.4270 | trust=0.451 | [fourier+attention+fourier+fourier+fourier]

  Global best: Lab 0 (fitness=0.5824)
  Best architecture: fourier+fourier+fourier+fourier | ch=64 | modes=12 | act=gelu
================================================================================


  ── Diversity Metrics ──
  Active paradigms: deeponet(3) fno(4) hybrid_fno_attn(1) random(4) transformer(3) wavelet(1) 
  Block usage: fourier=32% attention=29% branch_trunk=25% wavelet=8% residual_conv=5% 
  Architectural diversity index: 0.3729 (0=homogeneous, 1=maximally diverse)
  Detected 4 rival camp(s):
    Camp 'fourier-dominant': Labs [0, 1, 12, 13], avg composite=0.4772
    Camp 'branch_trunk-dominant': Labs [2, 3, 15], avg composite=0.1152
    Camp 'attention-dominant': Labs [4, 5, 7, 14], avg composite=0.2294
    Camp 'hybrid-mixed': Labs [8, 9, 10, 11], avg composite=0.1843
  ✓ checkpoint saved (iteration 1/20)

────────────────────────────────────────────────────────────────────────────────
  ITERATION 2/20
────────────────────────────────────────────────────────────────────────────────
  Active labs: 16/16

  Phase 1: Planning...

  Phase 2: Building and Training...
    Lab 0: 217,601 params, blocks=['fourier', 'fourier', 'fourier', 'fourier']
    Lab 1: 54,529 params, blocks=['fourier', 'fourier', 'fourier', 'fourier']
    Lab 2: 130,481 params, blocks=['fourier', 'attention', 'branch_trunk', 'branch_trunk', 'branch_trunk']
    Lab 3: 74,977 params, blocks=['attention', 'branch_trunk', 'branch_trunk']
    Lab 4: 129,473 params, blocks=['attention', 'attention', 'attention', 'residual_conv']
    Lab 5: 104,769 params, blocks=['attention', 'attention', 'attention']
    Lab 6: 130,225 params, blocks=['wavelet', 'wavelet', 'fourier', 'wavelet', 'wavelet']
    Lab 7: 107,649 params, blocks=['fourier', 'attention']
    Lab 8: 62,145 params, blocks=['branch_trunk', 'branch_trunk', 'attention', 'attention']
    Lab 9: 246,913 params, blocks=['wavelet', 'residual_conv']
    Lab 10: 56,401 params, blocks=['attention', 'branch_trunk']
    Lab 11: 61,809 params, blocks=['branch_trunk', 'attention', 'branch_trunk']
    Lab 12: 251,073 params, blocks=['fourier', 'attention', 'fourier', 'fourier', 'fourier']
    Lab 13: 133,361 params, blocks=['fourier', 'fourier', 'branch_trunk', 'fourier', 'fourier']
    Lab 14: 104,769 params, blocks=['attention', 'attention', 'attention']
    Lab 15: 84,785 params, blocks=['branch_trunk', 'branch_trunk', 'branch_trunk', 'residual_conv']

  Phase 3: Peer Review...

  Phase 4: Composite Fitness...

================================================================================
  SWARM LEADERBOARD
================================================================================
  #1  Lab  0 (fno               ) | composite=0.5748 | trust=1.000 | [fourier+fourier+fourier+fourier]
  #2  Lab  6 (wavelet           ) | composite=0.4641 | trust=0.699 | [wavelet+wavelet+fourier+wavelet+wavelet]
  #3  Lab 12 (fno               ) | composite=0.4165 | trust=0.434 | [fourier+attention+fourier+fourier+fourier]
  #4  Lab  2 (deeponet          ) | composite=0.4110 | trust=0.418 | [fourier+attention+branch_trunk+branch_trunk+branch_trunk]
  #5  Lab  1 (fno               ) | composite=0.3577 | trust=0.623 | [fourier+fourier+fourier+fourier]

  Global best: Lab 0 (fitness=0.5824)
  Best architecture: fourier+fourier+fourier+fourier | ch=64 | modes=12 | act=gelu
================================================================================


  ── Diversity Metrics ──
  Active paradigms: deeponet(3) fno(4) hybrid_fno_attn(1) random(4) transformer(3) wavelet(1) 
  Block usage: fourier=33% attention=29% branch_trunk=24% wavelet=9% residual_conv=5% 
  Architectural diversity index: 0.3959 (0=homogeneous, 1=maximally diverse)
  Detected 4 rival camp(s):
    Camp 'fourier-dominant': Labs [0, 1, 12, 13], avg composite=0.4075
    Camp 'branch_trunk-dominant': Labs [2, 3, 11, 15], avg composite=0.1980
    Camp 'attention-dominant': Labs [4, 5, 14], avg composite=0.1403
    Camp 'hybrid-mixed': Labs [7, 8, 9, 10], avg composite=0.1852
  ✓ checkpoint saved (iteration 2/20)

────────────────────────────────────────────────────────────────────────────────
  ITERATION 3/20
────────────────────────────────────────────────────────────────────────────────
  Active labs: 16/16

  Phase 1: Planning...

  Phase 2: Building and Training...
    Lab 0: 267,137 params, blocks=['fourier', 'fourier', 'fourier', 'fourier']
    Lab 1: 49,729 params, blocks=['fourier', 'attention', 'fourier', 'fourier']
    Lab 2: 196,529 params, blocks=['fourier', 'attention', 'branch_trunk', 'branch_trunk', 'branch_trunk']
    Lab 3: 41,505 params, blocks=['branch_trunk', 'branch_trunk']
    Lab 4: 129,473 params, blocks=['attention', 'attention', 'attention', 'residual_conv']
    Lab 5: 187,265 params, blocks=['attention', 'wavelet', 'attention', 'attention']
    Lab 6: 58,145 params, blocks=['wavelet', 'wavelet', 'fourier', 'wavelet', 'wavelet']
    Lab 7: 91,265 params, blocks=['fourier', 'attention']
    Lab 8: 90,081 params, blocks=['branch_trunk', 'branch_trunk', 'attention', 'attention']
    Lab 9: 17,647 params, blocks=['wavelet', 'residual_conv']
    Lab 10: 14,897 params, blocks=['attention', 'branch_trunk']
    Lab 11: 61,809 params, blocks=['branch_trunk', 'attention', 'branch_trunk']
    Lab 12: 251,073 params, blocks=['fourier', 'attention', 'fourier', 'fourier', 'fourier']
    Lab 13: 133,361 params, blocks=['fourier', 'fourier', 'branch_trunk', 'fourier', 'fourier']
    Lab 14: 137,793 params, blocks=['attention', 'attention', 'attention']
    Lab 15: 134,321 params, blocks=['branch_trunk', 'branch_trunk', 'branch_trunk', 'residual_conv']

  Phase 3: Peer Review...

  Phase 4: Composite Fitness...
    ★ NEW GLOBAL BEST: Lab 12 (composite=0.5946)

================================================================================
  SWARM LEADERBOARD
================================================================================
  #1  Lab 12 (fno               ) | composite=0.5946 | trust=0.680 | [fourier+attention+fourier+fourier+fourier]
  #2  Lab  7 (hybrid_fno_attn   ) | composite=0.5774 | trust=0.647 | [fourier+attention]
  #3  Lab  0 (fno               ) | composite=0.4107 | trust=0.707 | [fourier+fourier+fourier+fourier]
  #4  Lab  1 (fno               ) | composite=0.4006 | trust=0.584 | [fourier+attention+fourier+fourier]
  #5  Lab 13 (fno               ) | composite=0.3806 | trust=0.308 | [fourier+fourier+branch_trunk+fourier+fourier]

  Global best: Lab 12 (fitness=0.5946)
  Best architecture: fourier+attention+fourier+fourier+fourier | ch=64 | modes=12 | act=silu
================================================================================


  ── Diversity Metrics ──
  Active paradigms: deeponet(3) fno(4) hybrid_fno_attn(1) random(4) transformer(3) wavelet(1) 
  Block usage: fourier=31% attention=29% branch_trunk=24% wavelet=10% residual_conv=5% 
  Architectural diversity index: 0.4145 (0=homogeneous, 1=maximally diverse)
  Detected 4 rival camp(s):
    Camp 'fourier-dominant': Labs [0, 1, 12, 13], avg composite=0.4466
    Camp 'branch_trunk-dominant': Labs [2, 3, 11, 15], avg composite=0.2205
    Camp 'attention-dominant': Labs [4, 5, 14], avg composite=0.1802
    Camp 'hybrid-mixed': Labs [7, 8, 9, 10], avg composite=0.2752
  ✓ checkpoint saved (iteration 3/20)

────────────────────────────────────────────────────────────────────────────────
  ITERATION 4/20
────────────────────────────────────────────────────────────────────────────────
  Active labs: 16/16

  Phase 1: Planning...

  Phase 2: Building and Training...
    Lab 0: 600,385 params, blocks=['fourier', 'fourier', 'fourier', 'fourier']
    Lab 1: 49,729 params, blocks=['fourier', 'attention', 'fourier', 'fourier']
    Lab 2: 287,857 params, blocks=['fourier', 'attention', 'branch_trunk', 'branch_trunk', 'branch_trunk']
    Lab 3: 114,129 params, blocks=['attention', 'branch_trunk', 'residual_conv']
    Lab 4: 87,217 params, blocks=['attention', 'attention', 'attention', 'residual_conv', 'residual_conv']
    Lab 5: 187,265 params, blocks=['attention', 'wavelet', 'attention', 'attention']
    Lab 6: 58,145 params, blocks=['wavelet', 'wavelet', 'fourier', 'wavelet', 'wavelet']
    Lab 7: 82,497 params, blocks=['fourier', 'residual_conv']
    Lab 8: 90,081 params, blocks=['branch_trunk', 'branch_trunk', 'attention', 'attention']
    Lab 9: 62,017 params, blocks=['wavelet', 'residual_conv']
    Lab 10: 21,701 params, blocks=['attention', 'branch_trunk']
    Lab 11: 43,185 params, blocks=['branch_trunk', 'attention', 'branch_trunk']
    Lab 12: 251,073 params, blocks=['fourier', 'attention', 'fourier', 'fourier', 'fourier']
    Lab 13: 344,551 params, blocks=['fourier', 'fourier', 'attention', 'fourier', 'fourier']
    Lab 14: 137,793 params, blocks=['attention', 'attention', 'attention']
    Lab 15: 84,785 params, blocks=['branch_trunk', 'branch_trunk', 'branch_trunk', 'residual_conv']

  Phase 3: Peer Review...

  Phase 4: Composite Fitness...
    ★ NEW GLOBAL BEST: Lab 0 (composite=0.6038)
    Lab 11 respawned from Lab 1 (paradigm: fno_spawn)
    Lab 10 respawned from Lab 1 (paradigm: fno_spawn)

================================================================================
  SWARM LEADERBOARD
================================================================================
  #1  Lab  0 (fno               ) | composite=0.6038 | trust=0.823 | [fourier+fourier+fourier+fourier]
  #2  Lab  1 (fno               ) | composite=0.4985 | trust=0.614 | [fourier+attention+fourier+fourier]
  #3  Lab 13 (fno               ) | composite=0.4555 | trust=0.413 | [fourier+fourier+attention+fourier+fourier]
  #4  Lab  7 (hybrid_fno_attn   ) | composite=0.4450 | trust=0.630 | [fourier+residual_conv]
  #5  Lab 12 (fno               ) | composite=0.3481 | trust=0.467 | [fourier+attention+fourier+fourier+fourier]

  Global best: Lab 0 (fitness=0.6038)
  Best architecture: fourier+fourier+fourier+fourier | ch=96 | modes=12 | act=gelu
================================================================================


  ── Diversity Metrics ──
  Active paradigms: deeponet(3) fno(4) fno_spawn(2) hybrid_fno_attn(1) random(2) transformer(3) wavelet(1) 
  Block usage: fourier=39% attention=27% branch_trunk=15% residual_conv=10% wavelet=10% 
  Architectural diversity index: 0.4047 (0=homogeneous, 1=maximally diverse)
  Detected 4 rival camp(s):
    Camp 'fourier-dominant': Labs [0, 1, 10, 11, 12, 13], avg composite=0.3455
    Camp 'branch_trunk-dominant': Labs [2, 15], avg composite=0.2219
    Camp 'hybrid-mixed': Labs [3, 7, 8, 9], avg composite=0.2271
    Camp 'attention-dominant': Labs [4, 5, 14], avg composite=0.1243
  ✓ checkpoint saved (iteration 4/20)

────────────────────────────────────────────────────────────────────────────────
  ITERATION 5/20
────────────────────────────────────────────────────────────────────────────────
  Active labs: 16/16

  Phase 1: Planning...

  Phase 2: Building and Training...
    Lab 0: 301,513 params, blocks=['fourier', 'fourier', 'fourier', 'fourier']
    Lab 1: 55,937 params, blocks=['fourier', 'attention', 'residual_conv', 'fourier', 'fourier']
    Lab 2: 328,001 params, blocks=['fourier', 'attention', 'branch_trunk', 'branch_trunk', 'branch_trunk', 'branch_trunk']
    Lab 3: 114,065 params, blocks=['attention', 'branch_trunk', 'wavelet', 'residual_conv']
    Lab 4: 374,101 params, blocks=['attention', 'attention', 'attention', 'residual_conv', 'residual_conv']
    Lab 5: 236,737 params, blocks=['attention', 'wavelet', 'wavelet', 'attention', 'attention']
    Lab 6: 58,145 params, blocks=['wavelet', 'wavelet', 'fourier', 'wavelet', 'wavelet']
    Lab 7: 82,497 params, blocks=['fourier', 'residual_conv']
    Lab 8: 90,081 params, blocks=['branch_trunk', 'branch_trunk', 'attention', 'attention']
    Lab 9: 94,977 params, blocks=['wavelet', 'wavelet', 'residual_conv']
    Lab 10: 49,729 params, blocks=['fourier', 'attention', 'fourier', 'fourier']
    Lab 11: 567,274 params, blocks=['fourier', 'fourier', 'fourier']
    Lab 12: 251,073 params, blocks=['fourier', 'attention', 'fourier', 'fourier', 'fourier']
    Lab 13: 171,457 params, blocks=['fourier', 'fourier', 'fourier', 'attention', 'fourier', 'fourier']
    Lab 14: 360,550 params, blocks=['attention', 'fourier', 'attention']
    Lab 15: 84,785 params, blocks=['branch_trunk', 'branch_trunk', 'branch_trunk', 'residual_conv']

  Phase 3: Peer Review...

  Phase 4: Composite Fitness...
    Lab 8 respawned from Lab 14 (paradigm: transformer_spawn)
    Lab 15 respawned from Lab 0 (paradigm: fno_spawn)

================================================================================
  SWARM LEADERBOARD
================================================================================
  #1  Lab  0 (fno               ) | composite=0.5896 | trust=0.887 | [fourier+fourier+fourier+fourier]
  #2  Lab 12 (fno               ) | composite=0.4382 | trust=0.453 | [fourier+attention+fourier+fourier+fourier]
  #3  Lab 14 (transformer       ) | composite=0.4168 | trust=0.288 | [attention+fourier+attention]
  #4  Lab  2 (deeponet          ) | composite=0.4052 | trust=0.360 | [fourier+attention+branch_trunk+branch_trunk+branch_trunk+branch_trunk]
  #5  Lab  1 (fno               ) | composite=0.3926 | trust=0.628 | [fourier+attention+residual_conv+fourier+fourier]

  Global best: Lab 0 (fitness=0.6038)
  Best architecture: fourier+fourier+fourier+fourier | ch=96 | modes=12 | act=gelu
================================================================================


  ── Diversity Metrics ──
  Active paradigms: deeponet(2) fno(4) fno_spawn(3) hybrid_fno_attn(1) random(1) transformer(3) transformer_spawn(1) wavelet(1) 
  Block usage: fourier=46% attention=24% wavelet=13% residual_conv=9% branch_trunk=7% 
  Architectural diversity index: 0.3998 (0=homogeneous, 1=maximally diverse)
  Detected 4 rival camp(s):
    Camp 'fourier-dominant': Labs [0, 1, 10, 11, 12, 13, 15], avg composite=0.3459
    Camp 'hybrid-mixed': Labs [3, 7], avg composite=0.2467
    Camp 'attention-dominant': Labs [4, 5, 8, 14], avg composite=0.2202
    Camp 'wavelet-dominant': Labs [6, 9], avg composite=0.2308
  ✓ checkpoint saved (iteration 5/20)

────────────────────────────────────────────────────────────────────────────────
  ITERATION 6/20
────────────────────────────────────────────────────────────────────────────────
  Active labs: 16/16

  Phase 1: Planning...

  Phase 2: Building and Training...
    Lab 0: 223,177 params, blocks=['attention', 'fourier', 'fourier', 'fourier']
    Lab 1: 62,145 params, blocks=['fourier', 'residual_conv', 'attention', 'residual_conv', 'fourier', 'fourier']
    Lab 2: 513,281 params, blocks=['fourier', 'attention', 'branch_trunk', 'branch_trunk', 'branch_trunk', 'branch_trunk']
    Lab 3: 99,681 params, blocks=['attention', 'branch_trunk', 'branch_trunk', 'residual_conv']
    Lab 4: 352,111 params, blocks=['attention', 'attention', 'attention', 'residual_conv', 'residual_conv']
    Lab 5: 105,505 params, blocks=['wavelet', 'wavelet', 'attention', 'attention']
    Lab 6: 57,057 params, blocks=['wavelet', 'wavelet', 'fourier', 'fourier', 'wavelet']
    Lab 7: 82,369 params, blocks=['fourier', 'residual_conv']
    Lab 8: 473,943 params, blocks=['wavelet', 'attention', 'fourier', 'attention']
    Lab 9: 119,681 params, blocks=['wavelet', 'residual_conv', 'wavelet', 'residual_conv']
    Lab 10: 692,341 params, blocks=['fourier', 'attention', 'fourier', 'fourier']
    Lab 11: 383,062 params, blocks=['fourier', 'fourier']
    Lab 12: 388,192 params, blocks=['fourier', 'attention', 'attention', 'fourier', 'fourier']
    Lab 13: 182,321 params, blocks=['fourier', 'fourier', 'fourier', 'branch_trunk', 'attention', 'fourier', 'fourier']
    Lab 14: 598,452 params, blocks=['attention', 'fourier', 'attention']
    Lab 15: 555,265 params, blocks=['attention', 'fourier', 'fourier', 'fourier']

  Phase 3: Peer Review...

  Phase 4: Composite Fitness...
    Lab 4 respawned from Lab 12 (paradigm: fno_spawn)
    Lab 9 respawned from Lab 8 (paradigm: transformer_spawn_spawn)

================================================================================
  SWARM LEADERBOARD
================================================================================
  #1  Lab 12 (fno               ) | composite=0.5536 | trust=0.576 | [fourier+attention+attention+fourier+fourier]
  #2  Lab  8 (transformer_spawn ) | composite=0.5398 | trust=0.437 | [wavelet+attention+fourier+attention]
  #3  Lab 15 (fno_spawn         ) | composite=0.4696 | trust=0.395 | [attention+fourier+fourier+fourier]
  #4  Lab  7 (hybrid_fno_attn   ) | composite=0.4544 | trust=0.627 | [fourier+residual_conv]
  #5  Lab  0 (fno               ) | composite=0.4373 | trust=0.721 | [attention+fourier+fourier+fourier]

  Global best: Lab 0 (fitness=0.6038)
  Best architecture: fourier+fourier+fourier+fourier | ch=96 | modes=12 | act=gelu
================================================================================


  ── Diversity Metrics ──
  Active paradigms: deeponet(2) fno(4) fno_spawn(4) hybrid_fno_attn(1) transformer(2) transformer_spawn(1) transformer_spawn_spawn(1) wavelet(1) 
  Block usage: fourier=44% attention=27% wavelet=11% branch_trunk=10% residual_conv=7% 
  Architectural diversity index: 0.4074 (0=homogeneous, 1=maximally diverse)
  Detected 2 rival camp(s):
    Camp 'fourier-dominant': Labs [0, 10, 11, 12, 13, 15], avg composite=0.4024
    Camp 'hybrid-mixed': Labs [1, 3, 4, 5, 7, 8, 9], avg composite=0.2905
  ✓ checkpoint saved (iteration 6/20)

────────────────────────────────────────────────────────────────────────────────
  ITERATION 7/20
────────────────────────────────────────────────────────────────────────────────
  Active labs: 16/16

  Phase 1: Planning...

  Phase 2: Building and Training...
    Lab 0: 183,821 params, blocks=['attention', 'fourier', 'fourier', 'branch_trunk']
    Lab 1: 176,149 params, blocks=['fourier', 'residual_conv', 'attention', 'residual_conv', 'fourier', 'fourier']
    Lab 2: 559,361 params, blocks=['fourier', 'attention', 'branch_trunk', 'branch_trunk', 'branch_trunk', 'branch_trunk']
    Lab 3: 102,305 params, blocks=['residual_conv', 'branch_trunk', 'branch_trunk', 'residual_conv']
    Lab 4: 443,553 params, blocks=['fourier', 'attention', 'wavelet', 'attention', 'fourier', 'fourier']
    Lab 5: 742,145 params, blocks=['wavelet', 'wavelet', 'attention', 'attention']
    Lab 6: 84,553 params, blocks=['wavelet', 'wavelet', 'fourier', 'fourier', 'wavelet']
    Lab 7: 47,633 params, blocks=['residual_conv', 'branch_trunk']
    Lab 8: 436,307 params, blocks=['wavelet', 'attention', 'fourier', 'attention']
    Lab 9: 709,249 params, blocks=['wavelet', 'attention', 'residual_conv', 'attention']
    Lab 10: 450,231 params, blocks=['attention', 'fourier', 'wavelet']
    Lab 11: 110,977 params, blocks=['fourier', 'fourier']
    Lab 12: 244,353 params, blocks=['fourier', 'attention', 'attention', 'fourier', 'attention']
    Lab 13: 228,401 params, blocks=['fourier', 'fourier', 'fourier', 'branch_trunk', 'attention', 'fourier', 'fourier']
    Lab 14: 315,937 params, blocks=['attention', 'fourier', 'attention']
    Lab 15: 555,265 params, blocks=['attention', 'fourier', 'fourier', 'fourier']

  Phase 3: Peer Review...

  Phase 4: Composite Fitness...
    Lab 9 respawned from Lab 0 (paradigm: fno_spawn)
    Lab 3 respawned from Lab 10 (paradigm: fno_spawn_spawn)

================================================================================
  SWARM LEADERBOARD
================================================================================
  #1  Lab 10 (fno_spawn         ) | composite=0.5801 | trust=0.468 | [attention+fourier+wavelet]
  #2  Lab 15 (fno_spawn         ) | composite=0.5339 | trust=0.560 | [attention+fourier+fourier+fourier]
  #3  Lab  0 (fno               ) | composite=0.5141 | trust=0.700 | [attention+fourier+fourier+branch_trunk]
  #4  Lab 11 (fno_spawn         ) | composite=0.4884 | trust=0.398 | [fourier+fourier]
  #5  Lab  4 (fno_spawn         ) | composite=0.4302 | trust=0.262 | [fourier+attention+wavelet+attention+fourier+fourier]

  Global best: Lab 0 (fitness=0.6038)
  Best architecture: fourier+fourier+fourier+fourier | ch=96 | modes=12 | act=gelu
================================================================================


  ── Diversity Metrics ──
  Active paradigms: deeponet(1) fno(4) fno_spawn(5) fno_spawn_spawn(1) hybrid_fno_attn(1) transformer(2) transformer_spawn(1) wavelet(1) 
  Block usage: fourier=45% attention=27% wavelet=13% branch_trunk=10% residual_conv=4% 
  Architectural diversity index: 0.4044 (0=homogeneous, 1=maximally diverse)
  Detected 3 rival camp(s):
    Camp 'hybrid-mixed': Labs [0, 1, 3, 4, 5, 7, 8, 10], avg composite=0.3194
    Camp 'fourier-dominant': Labs [9, 11, 13, 15], avg composite=0.3850
    Camp 'attention-dominant': Labs [12, 14], avg composite=0.4045
  ✓ checkpoint saved (iteration 7/20)

────────────────────────────────────────────────────────────────────────────────
  ITERATION 8/20
────────────────────────────────────────────────────────────────────────────────
  Active labs: 16/16

  Phase 1: Planning...

  Phase 2: Building and Training...
    Lab 0: 189,215 params, blocks=['attention', 'fourier', 'fourier', 'branch_trunk']
    Lab 1: 321,347 params, blocks=['fourier', 'residual_conv', 'attention', 'residual_conv', 'fourier', 'fourier']
    Lab 2: 593,041 params, blocks=['fourier', 'attention', 'branch_trunk', 'branch_trunk', 'fourier', 'branch_trunk']
    Lab 3: 574,209 params, blocks=['fourier', 'fourier']
    Lab 4: 443,553 params, blocks=['fourier', 'attention', 'wavelet', 'attention', 'fourier', 'fourier']
    Lab 5: 742,145 params, blocks=['wavelet', 'wavelet', 'attention', 'attention']
    Lab 6: 512,371 params, blocks=['wavelet', 'wavelet', 'fourier', 'fourier', 'wavelet']
    Lab 7: 105,361 params, blocks=['residual_conv', 'residual_conv', 'branch_trunk']
    Lab 8: 435,531 params, blocks=['wavelet', 'wavelet', 'fourier', 'attention']
    Lab 9: 414,835 params, blocks=['attention', 'fourier', 'fourier', 'fourier']
    Lab 10: 450,231 params, blocks=['attention', 'fourier', 'wavelet']
    Lab 11: 110,977 params, blocks=['fourier', 'fourier']
    Lab 12: 434,116 params, blocks=['fourier', 'fourier', 'attention', 'fourier', 'attention']
    Lab 13: 1,270,033 params, blocks=['fourier', 'fourier', 'fourier', 'branch_trunk', 'attention', 'fourier', 'fourier']
    Lab 14: 140,993 params, blocks=['attention', 'fourier', 'attention']
    Lab 15: 398,305 params, blocks=['attention', 'fourier', 'fourier']

  Phase 3: Peer Review...

  Phase 4: Composite Fitness...
    ★ NEW GLOBAL BEST: Lab 9 (composite=0.6101)
    Lab 5 respawned from Lab 9 (paradigm: fno_spawn_spawn)

================================================================================
  SWARM LEADERBOARD
================================================================================
  #1  Lab  9 (fno_spawn         ) | composite=0.6101 | trust=0.456 | [attention+fourier+fourier+fourier]
  #2  Lab  2 (deeponet          ) | composite=0.5010 | trust=0.405 | [fourier+attention+branch_trunk+branch_trunk+fourier+branch_trunk]
  #3  Lab 10 (fno_spawn         ) | composite=0.4261 | trust=0.454 | [attention+fourier+wavelet]
  #4  Lab 15 (fno_spawn         ) | composite=0.4217 | trust=0.543 | [attention+fourier+fourier]
  #5  Lab  0 (fno               ) | composite=0.4060 | trust=0.570 | [attention+fourier+fourier+branch_trunk]

  Global best: Lab 9 (fitness=0.6101)
  Best architecture: attention+fourier+fourier+fourier | ch=83 | modes=16 | act=gelu
================================================================================


  ── Diversity Metrics ──
  Active paradigms: deeponet(1) fno(4) fno_spawn(5) fno_spawn_spawn(2) hybrid_fno_attn(1) transformer(1) transformer_spawn(1) wavelet(1) 
  Block usage: fourier=52% attention=22% wavelet=10% branch_trunk=9% residual_conv=6% 
  Architectural diversity index: 0.3822 (0=homogeneous, 1=maximally diverse)
  Detected 2 rival camp(s):
    Camp 'hybrid-mixed': Labs [0, 1, 2, 4, 8, 10], avg composite=0.4198
    Camp 'fourier-dominant': Labs [3, 5, 9, 11, 12, 13, 15], avg composite=0.3626
  ✓ checkpoint saved (iteration 8/20)

────────────────────────────────────────────────────────────────────────────────
  ITERATION 9/20
────────────────────────────────────────────────────────────────────────────────
  Active labs: 16/16

  Phase 1: Planning...

  Phase 2: Building and Training...
    Lab 0: 304,790 params, blocks=['attention', 'fourier', 'fourier', 'branch_trunk', 'attention']
    Lab 1: 428,657 params, blocks=['fourier', 'residual_conv', 'attention', 'residual_conv', 'fourier', 'fourier']
    Lab 2: 469,089 params, blocks=['fourier', 'attention', 'branch_trunk', 'branch_trunk', 'fourier', 'fourier']
    Lab 3: 428,033 params, blocks=['fourier', 'attention']
    Lab 4: 442,990 params, blocks=['fourier', 'attention', 'wavelet', 'attention', 'fourier', 'attention']
    Lab 5: 556,117 params, blocks=['attention', 'fourier', 'fourier', 'fourier', 'branch_trunk']
    Lab 6: 474,685 params, blocks=['wavelet', 'wavelet', 'fourier', 'fourier', 'wavelet']
    Lab 7: 415,505 params, blocks=['residual_conv', 'residual_conv', 'branch_trunk']
    Lab 8: 446,713 params, blocks=['fourier', 'wavelet', 'fourier', 'attention']
    Lab 9: 297,639 params, blocks=['attention', 'fourier', 'fourier']
    Lab 10: 609,153 params, blocks=['attention', 'fourier', 'wavelet']
    Lab 11: 135,681 params, blocks=['residual_conv', 'fourier', 'fourier']
    Lab 12: 492,922 params, blocks=['fourier', 'fourier', 'attention', 'fourier', 'attention']
    Lab 13: 1,400,142 params, blocks=['fourier', 'fourier', 'attention', 'branch_trunk', 'attention', 'fourier', 'fourier']
    Lab 14: 381,547 params, blocks=['fourier', 'fourier', 'attention']
    Lab 15: 249,409 params, blocks=['fourier', 'fourier']

  Phase 3: Peer Review...

  Phase 4: Composite Fitness...

================================================================================
  SWARM LEADERBOARD
================================================================================
  #1  Lab  6 (wavelet           ) | composite=0.5325 | trust=0.542 | [wavelet+wavelet+fourier+fourier+wavelet]
  #2  Lab  9 (fno_spawn         ) | composite=0.4814 | trust=0.502 | [attention+fourier+fourier]
  #3  Lab  1 (fno               ) | composite=0.4737 | trust=0.589 | [fourier+residual_conv+attention+residual_conv+fourier+fourier]
  #4  Lab  0 (fno               ) | composite=0.4631 | trust=0.534 | [attention+fourier+fourier+branch_trunk+attention]
  #5  Lab  5 (fno_spawn_spawn   ) | composite=0.4473 | trust=0.302 | [attention+fourier+fourier+fourier+branch_trunk]

  Global best: Lab 9 (fitness=0.6101)
  Best architecture: attention+fourier+fourier+fourier | ch=83 | modes=16 | act=gelu
================================================================================


  ── Diversity Metrics ──
  Active paradigms: deeponet(1) fno(4) fno_spawn(5) fno_spawn_spawn(2) hybrid_fno_attn(1) transformer(1) transformer_spawn(1) wavelet(1) 
  Block usage: fourier=50% attention=25% branch_trunk=9% wavelet=9% residual_conv=7% 
  Architectural diversity index: 0.3814 (0=homogeneous, 1=maximally diverse)
  Detected 2 rival camp(s):
    Camp 'hybrid-mixed': Labs [0, 1, 2, 3, 4, 8, 10], avg composite=0.3686
    Camp 'fourier-dominant': Labs [5, 9, 11, 12, 13, 14, 15], avg composite=0.4065
  ✓ checkpoint saved (iteration 9/20)

────────────────────────────────────────────────────────────────────────────────
  ITERATION 10/20
────────────────────────────────────────────────────────────────────────────────
  Active labs: 16/16

  Phase 1: Planning...

  Phase 2: Building and Training...
    Lab 0: 228,062 params, blocks=['attention', 'fourier', 'fourier', 'branch_trunk', 'attention']
    Lab 1: 154,844 params, blocks=['fourier', 'residual_conv', 'attention', 'residual_conv', 'fourier', 'fourier']
    Lab 2: 579,457 params, blocks=['fourier', 'fourier', 'fourier', 'branch_trunk', 'fourier', 'fourier']
    Lab 3: 167,681 params, blocks=['fourier', 'attention']
    Lab 4: 476,281 params, blocks=['fourier', 'attention', 'wavelet', 'attention', 'fourier', 'attention']
    Lab 5: 617,288 params, blocks=['fourier', 'fourier', 'fourier', 'fourier', 'branch_trunk']
    Lab 6: 559,777 params, blocks=['wavelet', 'wavelet', 'fourier', 'fourier', 'wavelet', 'wavelet']
    Lab 7: 234,833 params, blocks=['residual_conv', 'residual_conv', 'branch_trunk']
    Lab 8: 433,505 params, blocks=['fourier', 'wavelet', 'fourier', 'attention']
    Lab 9: 221,943 params, blocks=['attention', 'fourier', 'residual_conv']
    Lab 10: 379,393 params, blocks=['attention', 'residual_conv', 'wavelet']
    Lab 11: 154,257 params, blocks=['residual_conv', 'fourier', 'branch_trunk', 'fourier']
    Lab 12: 354,601 params, blocks=['fourier', 'fourier', 'attention', 'fourier', 'attention']
    Lab 13: 242,621 params, blocks=['fourier', 'fourier', 'attention', 'branch_trunk', 'attention', 'fourier', 'fourier']
    Lab 14: 684,811 params, blocks=['fourier', 'fourier', 'attention']
    Lab 15: 138,817 params, blocks=['fourier', 'fourier']

  Phase 3: Peer Review...

  Phase 4: Composite Fitness...
    Lab 7 respawned from Lab 13 (paradigm: fno_spawn)
    Lab 10 respawned from Lab 9 (paradigm: fno_spawn_spawn)

================================================================================
  SWARM LEADERBOARD
================================================================================
  #1  Lab 13 (fno               ) | composite=0.5280 | trust=0.561 | [fourier+fourier+attention+branch_trunk+attention+fourier+fourier]
  #2  Lab  9 (fno_spawn         ) | composite=0.4776 | trust=0.548 | [attention+fourier+residual_conv]
  #3  Lab 15 (fno_spawn         ) | composite=0.4690 | trust=0.566 | [fourier+fourier]
  #4  Lab 14 (transformer       ) | composite=0.4471 | trust=0.523 | [fourier+fourier+attention]
  #5  Lab  2 (deeponet          ) | composite=0.4454 | trust=0.386 | [fourier+fourier+fourier+branch_trunk+fourier+fourier]

  Global best: Lab 9 (fitness=0.6101)
  Best architecture: attention+fourier+fourier+fourier | ch=83 | modes=16 | act=gelu
================================================================================


  ── Diversity Metrics ──
  Active paradigms: deeponet(1) fno(4) fno_spawn(5) fno_spawn_spawn(3) transformer(1) transformer_spawn(1) wavelet(1) 
  Block usage: fourier=58% attention=22% wavelet=8% branch_trunk=7% residual_conv=5% 
  Architectural diversity index: 0.3594 (0=homogeneous, 1=maximally diverse)
  Detected 2 rival camp(s):
    Camp 'hybrid-mixed': Labs [0, 1, 3, 4, 8, 9, 11], avg composite=0.3878
    Camp 'fourier-dominant': Labs [2, 5, 7, 10, 12, 13, 14, 15], avg composite=0.3668
  ✓ checkpoint saved (iteration 10/20)

────────────────────────────────────────────────────────────────────────────────
  ITERATION 11/20
────────────────────────────────────────────────────────────────────────────────
  Active labs: 16/16

  Phase 1: Planning...

  Phase 2: Building and Training...
    Lab 0: 304,790 params, blocks=['attention', 'fourier', 'fourier', 'branch_trunk', 'attention']
    Lab 1: 300,733 params, blocks=['fourier', 'residual_conv', 'attention', 'residual_conv', 'fourier', 'fourier']
    Lab 2: 732,887 params, blocks=['fourier', 'fourier', 'fourier', 'branch_trunk', 'fourier', 'fourier']
    Lab 3: 339,721 params, blocks=['fourier', 'attention']
    Lab 4: 533,653 params, blocks=['fourier', 'attention', 'wavelet', 'attention', 'fourier', 'attention', 'attention']
    Lab 5: 472,370 params, blocks=['fourier', 'fourier', 'fourier', 'branch_trunk']
    Lab 6: 64,233 params, blocks=['wavelet', 'wavelet', 'fourier', 'fourier', 'fourier', 'wavelet']
    Lab 7: 130,033 params, blocks=['fourier', 'wavelet', 'attention', 'fourier', 'fourier']
    Lab 8: 491,029 params, blocks=['fourier', 'wavelet', 'fourier', 'attention']
    Lab 9: 284,445 params, blocks=['attention', 'fourier', 'residual_conv']
    Lab 10: 353,000 params, blocks=['attention', 'fourier', 'fourier', 'wavelet']
    Lab 11: 803,969 params, blocks=['residual_conv', 'fourier', 'fourier', 'fourier']
    Lab 12: 415,975 params, blocks=['fourier', 'fourier', 'attention', 'fourier', 'attention']
    Lab 13: 30,161 params, blocks=['fourier', 'fourier', 'attention', 'branch_trunk', 'attention', 'fourier', 'fourier']
    Lab 14: 706,689 params, blocks=['fourier', 'fourier', 'attention']
    Lab 15: 213,409 params, blocks=['fourier', 'fourier']

  Phase 3: Peer Review...

  Phase 4: Composite Fitness...
    Lab 3 respawned from Lab 12 (paradigm: fno_spawn)

================================================================================
  SWARM LEADERBOARD
================================================================================
  #1  Lab  5 (fno_spawn_spawn   ) | composite=0.5868 | trust=0.563 | [fourier+fourier+fourier+branch_trunk]
  #2  Lab 10 (fno_spawn_spawn   ) | composite=0.5468 | trust=0.506 | [attention+fourier+fourier+wavelet]
  #3  Lab 12 (fno               ) | composite=0.5365 | trust=0.642 | [fourier+fourier+attention+fourier+attention]
  #4  Lab  6 (wavelet           ) | composite=0.5135 | trust=0.665 | [wavelet+wavelet+fourier+fourier+fourier+wavelet]
  #5  Lab  7 (fno_spawn         ) | composite=0.5035 | trust=0.416 | [fourier+wavelet+attention+fourier+fourier]

  Global best: Lab 9 (fitness=0.6101)
  Best architecture: attention+fourier+fourier+fourier | ch=83 | modes=16 | act=gelu
================================================================================


  ── Diversity Metrics ──
  Active paradigms: deeponet(1) fno(4) fno_spawn(6) fno_spawn_spawn(2) transformer(1) transformer_spawn(1) wavelet(1) 
  Block usage: fourier=56% attention=24% wavelet=9% branch_trunk=5% residual_conv=5% 
  Architectural diversity index: 0.3793 (0=homogeneous, 1=maximally diverse)
  Detected 2 rival camp(s):
    Camp 'hybrid-mixed': Labs [0, 1, 3, 6, 8, 9, 10], avg composite=0.4385
    Camp 'fourier-dominant': Labs [2, 5, 7, 11, 12, 13, 14, 15], avg composite=0.4375
  ✓ checkpoint saved (iteration 11/20)

────────────────────────────────────────────────────────────────────────────────
  ITERATION 12/20
────────────────────────────────────────────────────────────────────────────────
  Active labs: 16/16

  Phase 1: Planning...

  Phase 2: Building and Training...
    Lab 0: 331,649 params, blocks=['attention', 'fourier', 'fourier', 'branch_trunk', 'attention']
    Lab 1: 621,233 params, blocks=['fourier', 'residual_conv', 'attention', 'residual_conv', 'fourier', 'fourier']
    Lab 2: 697,411 params, blocks=['fourier', 'fourier', 'fourier', 'fourier', 'fourier']
    Lab 3: 708,097 params, blocks=['fourier', 'attention', 'attention', 'fourier']
    Lab 4: 193,921 params, blocks=['fourier', 'wavelet', 'attention', 'wavelet', 'attention', 'fourier', 'attention', 'attention']
    Lab 5: 617,288 params, blocks=['fourier', 'fourier', 'fourier', 'fourier', 'branch_trunk']
    Lab 6: 425,291 params, blocks=['wavelet', 'wavelet', 'fourier', 'fourier', 'fourier', 'wavelet']
    Lab 7: 518,113 params, blocks=['fourier', 'wavelet', 'attention', 'fourier', 'fourier']
    Lab 8: 491,029 params, blocks=['fourier', 'wavelet', 'fourier', 'attention']
    Lab 9: 284,445 params, blocks=['attention', 'fourier', 'residual_conv']
    Lab 10: 291,165 params, blocks=['wavelet', 'attention', 'fourier', 'wavelet']
    Lab 11: 607,361 params, blocks=['wavelet', 'fourier', 'fourier']
    Lab 12: 571,127 params, blocks=['fourier', 'fourier', 'fourier', 'fourier', 'attention']
    Lab 13: 84,446 params, blocks=['fourier', 'fourier', 'attention', 'branch_trunk', 'attention', 'fourier', 'fourier']
    Lab 14: 334,489 params, blocks=['fourier', 'fourier', 'attention']
    Lab 15: 259,377 params, blocks=['fourier', 'fourier']

  Phase 3: Peer Review...

  Phase 4: Composite Fitness...

================================================================================
  SWARM LEADERBOARD
================================================================================
  #1  Lab  5 (fno_spawn_spawn   ) | composite=0.5488 | trust=0.696 | [fourier+fourier+fourier+fourier+branch_trunk]
  #2  Lab  8 (transformer_spawn ) | composite=0.4633 | trust=0.408 | [fourier+wavelet+fourier+attention]
  #3  Lab  7 (fno_spawn         ) | composite=0.4426 | trust=0.446 | [fourier+wavelet+attention+fourier+fourier]
  #4  Lab  1 (fno               ) | composite=0.4138 | trust=0.561 | [fourier+residual_conv+attention+residual_conv+fourier+fourier]
  #5  Lab 13 (fno               ) | composite=0.3977 | trust=0.464 | [fourier+fourier+attention+branch_trunk+attention+fourier+fourier]

  Global best: Lab 9 (fitness=0.6101)
  Best architecture: attention+fourier+fourier+fourier | ch=83 | modes=16 | act=gelu
================================================================================


  ── Diversity Metrics ──
  Active paradigms: deeponet(1) fno(4) fno_spawn(6) fno_spawn_spawn(2) transformer(1) transformer_spawn(1) wavelet(1) 
  Block usage: fourier=56% attention=23% wavelet=13% branch_trunk=4% residual_conv=4% 
  Architectural diversity index: 0.3592 (0=homogeneous, 1=maximally diverse)
  Detected 2 rival camp(s):
    Camp 'hybrid-mixed': Labs [0, 1, 3, 4, 6, 8, 9, 10], avg composite=0.3617
    Camp 'fourier-dominant': Labs [2, 5, 7, 11, 12, 13, 14, 15], avg composite=0.3861
  ✓ checkpoint saved (iteration 12/20)

────────────────────────────────────────────────────────────────────────────────
  ITERATION 13/20
────────────────────────────────────────────────────────────────────────────────
  Active labs: 16/16

  Phase 1: Planning...

  Phase 2: Building and Training...
    Lab 0: 414,508 params, blocks=['attention', 'fourier', 'fourier', 'branch_trunk', 'attention']
    Lab 1: 621,233 params, blocks=['fourier', 'residual_conv', 'attention', 'residual_conv', 'fourier', 'fourier']
    Lab 2: 486,329 params, blocks=['fourier', 'fourier', 'fourier', 'fourier', 'branch_trunk']
    Lab 3: 708,097 params, blocks=['fourier', 'attention', 'attention', 'fourier']
    Lab 4: 193,921 params, blocks=['fourier', 'wavelet', 'attention', 'wavelet', 'attention', 'fourier', 'attention', 'attention']
    Lab 5: 506,400 params, blocks=['fourier', 'fourier', 'fourier', 'fourier', 'branch_trunk']
    Lab 6: 425,291 params, blocks=['wavelet', 'wavelet', 'fourier', 'fourier', 'fourier', 'wavelet']
    Lab 7: 777,409 params, blocks=['fourier', 'wavelet', 'attention', 'fourier', 'wavelet', 'fourier']
    Lab 8: 365,601 params, blocks=['fourier', 'wavelet', 'fourier', 'fourier']
    Lab 9: 526,593 params, blocks=['attention', 'fourier', 'residual_conv']
    Lab 10: 251,673 params, blocks=['wavelet', 'branch_trunk', 'fourier', 'residual_conv']
    Lab 11: 475,905 params, blocks=['fourier', 'fourier']
    Lab 12: 493,639 params, blocks=['fourier', 'fourier', 'fourier', 'fourier', 'attention']
    Lab 13: 72,782 params, blocks=['fourier', 'fourier', 'attention', 'branch_trunk', 'attention', 'fourier', 'fourier']
    Lab 14: 423,127 params, blocks=['fourier', 'fourier', 'attention']
    Lab 15: 329,898 params, blocks=['fourier', 'fourier']

  Phase 3: Peer Review...

  Phase 4: Composite Fitness...

================================================================================
  SWARM LEADERBOARD
================================================================================
  #1  Lab  9 (fno_spawn         ) | composite=0.6016 | trust=0.576 | [attention+fourier+residual_conv]
  #2  Lab  8 (transformer_spawn ) | composite=0.5531 | trust=0.582 | [fourier+wavelet+fourier+fourier]
  #3  Lab 15 (fno_spawn         ) | composite=0.5513 | trust=0.570 | [fourier+fourier]
  #4  Lab  7 (fno_spawn         ) | composite=0.5495 | trust=0.556 | [fourier+wavelet+attention+fourier+wavelet+fourier]
  #5  Lab  3 (fno_spawn         ) | composite=0.4932 | trust=0.362 | [fourier+attention+attention+fourier]

  Global best: Lab 9 (fitness=0.6101)
  Best architecture: attention+fourier+fourier+fourier | ch=83 | modes=16 | act=gelu
================================================================================


  ── Diversity Metrics ──
  Active paradigms: deeponet(1) fno(4) fno_spawn(6) fno_spawn_spawn(2) transformer(1) transformer_spawn(1) wavelet(1) 
  Block usage: fourier=56% attention=20% wavelet=12% branch_trunk=7% residual_conv=5% 
  Architectural diversity index: 0.3819 (0=homogeneous, 1=maximally diverse)
  Detected 2 rival camp(s):
    Camp 'hybrid-mixed': Labs [0, 1, 3, 4, 6, 7, 9, 10], avg composite=0.4267
    Camp 'fourier-dominant': Labs [2, 5, 8, 11, 12, 13, 14, 15], avg composite=0.4478
  ✓ checkpoint saved (iteration 13/20)

────────────────────────────────────────────────────────────────────────────────
  ITERATION 14/20
────────────────────────────────────────────────────────────────────────────────
  Active labs: 16/16

  Phase 1: Planning...

  Phase 2: Building and Training...
    Lab 0: 661,073 params, blocks=['attention', 'fourier', 'fourier', 'branch_trunk', 'attention']
    Lab 1: 540,545 params, blocks=['fourier', 'residual_conv', 'attention', 'residual_conv', 'fourier', 'fourier']
    Lab 2: 413,625 params, blocks=['fourier', 'fourier', 'fourier', 'fourier', 'branch_trunk']
    Lab 3: 850,585 params, blocks=['fourier', 'fourier', 'attention', 'fourier']
    Lab 4: 770,305 params, blocks=['fourier', 'wavelet', 'attention', 'wavelet', 'attention', 'fourier', 'attention', 'attention']
    Lab 5: 824,697 params, blocks=['fourier', 'fourier', 'fourier', 'fourier', 'branch_trunk']
    Lab 6: 1,041,873 params, blocks=['wavelet', 'wavelet', 'fourier', 'fourier', 'fourier', 'attention']
    Lab 7: 532,741 params, blocks=['fourier', 'wavelet', 'attention', 'attention', 'wavelet', 'fourier']
    Lab 8: 301,681 params, blocks=['fourier', 'wavelet', 'residual_conv', 'fourier']
    Lab 9: 80,901 params, blocks=['attention', 'fourier', 'residual_conv']
    Lab 10: 183,249 params, blocks=['wavelet', 'wavelet', 'branch_trunk', 'fourier', 'residual_conv']
    Lab 11: 475,905 params, blocks=['fourier', 'fourier']
    Lab 12: 751,942 params, blocks=['fourier', 'fourier', 'fourier', 'fourier', 'attention', 'fourier']
    Lab 13: 72,782 params, blocks=['fourier', 'fourier', 'attention', 'branch_trunk', 'attention', 'fourier', 'fourier']
    Lab 14: 335,116 params, blocks=['fourier', 'wavelet', 'attention']
    Lab 15: 179,354 params, blocks=['fourier', 'fourier']

  Phase 3: Peer Review...

  Phase 4: Composite Fitness...

================================================================================
  SWARM LEADERBOARD
================================================================================
  #1  Lab 12 (fno               ) | composite=0.5117 | trust=0.737 | [fourier+fourier+fourier+fourier+attention+fourier]
  #2  Lab  7 (fno_spawn         ) | composite=0.4593 | trust=0.550 | [fourier+wavelet+attention+attention+wavelet+fourier]
  #3  Lab  3 (fno_spawn         ) | composite=0.4278 | trust=0.373 | [fourier+fourier+attention+fourier]
  #4  Lab 11 (fno_spawn         ) | composite=0.4199 | trust=0.465 | [fourier+fourier]
  #5  Lab 10 (fno_spawn_spawn   ) | composite=0.4106 | trust=0.431 | [wavelet+wavelet+branch_trunk+fourier+residual_conv]

  Global best: Lab 9 (fitness=0.6101)
  Best architecture: attention+fourier+fourier+fourier | ch=83 | modes=16 | act=gelu
================================================================================


  ── Diversity Metrics ──
  Active paradigms: deeponet(1) fno(4) fno_spawn(6) fno_spawn_spawn(2) transformer(1) transformer_spawn(1) wavelet(1) 
  Block usage: fourier=53% attention=21% wavelet=13% branch_trunk=6% residual_conv=6% 
  Architectural diversity index: 0.3888 (0=homogeneous, 1=maximally diverse)
  Detected 2 rival camp(s):
    Camp 'hybrid-mixed': Labs [0, 1, 4, 6, 7, 8, 9, 10, 14], avg composite=0.3687
    Camp 'fourier-dominant': Labs [2, 3, 5, 11, 12, 13, 15], avg composite=0.3718
  ✓ checkpoint saved (iteration 14/20)

────────────────────────────────────────────────────────────────────────────────
  ITERATION 15/20
────────────────────────────────────────────────────────────────────────────────
  Active labs: 16/16

  Phase 1: Planning...

  Phase 2: Building and Training...
    Lab 0: 661,073 params, blocks=['attention', 'fourier', 'fourier', 'branch_trunk', 'attention']
    Lab 1: 309,377 params, blocks=['fourier', 'residual_conv', 'attention', 'residual_conv', 'wavelet', 'fourier']
    Lab 2: 413,625 params, blocks=['fourier', 'fourier', 'fourier', 'fourier', 'branch_trunk']
    Lab 3: 583,039 params, blocks=['fourier', 'residual_conv', 'attention', 'wavelet']
    Lab 4: 393,089 params, blocks=['wavelet', 'wavelet', 'attention', 'wavelet', 'attention', 'fourier', 'attention', 'attention']
    Lab 5: 824,697 params, blocks=['fourier', 'fourier', 'fourier', 'fourier', 'branch_trunk']
    Lab 6: 991,050 params, blocks=['wavelet', 'fourier', 'fourier', 'fourier', 'fourier', 'attention']
    Lab 7: 410,281 params, blocks=['fourier', 'wavelet', 'attention', 'attention', 'wavelet', 'fourier']
    Lab 8: 397,891 params, blocks=['fourier', 'wavelet', 'residual_conv', 'fourier']
    Lab 9: 41,749 params, blocks=['attention', 'attention', 'residual_conv']
    Lab 10: 150,289 params, blocks=['wavelet', 'branch_trunk', 'fourier', 'residual_conv']
    Lab 11: 443,137 params, blocks=['fourier', 'fourier']
    Lab 12: 751,942 params, blocks=['fourier', 'fourier', 'fourier', 'fourier', 'attention', 'fourier']
    Lab 13: 1,923,713 params, blocks=['fourier', 'fourier', 'attention', 'attention', 'attention', 'fourier', 'fourier']
    Lab 14: 140,481 params, blocks=['fourier', 'wavelet', 'attention']
    Lab 15: 170,139 params, blocks=['wavelet', 'fourier']

  Phase 3: Peer Review...

  Phase 4: Composite Fitness...

================================================================================
  SWARM LEADERBOARD
================================================================================
  #1  Lab  6 (wavelet           ) | composite=0.5899 | trust=0.557 | [wavelet+fourier+fourier+fourier+fourier+attention]
  #2  Lab  8 (transformer_spawn ) | composite=0.5549 | trust=0.667 | [fourier+wavelet+residual_conv+fourier]
  #3  Lab 15 (fno_spawn         ) | composite=0.5345 | trust=0.598 | [wavelet+fourier]
  #4  Lab 11 (fno_spawn         ) | composite=0.5041 | trust=0.523 | [fourier+fourier]
  #5  Lab  7 (fno_spawn         ) | composite=0.4857 | trust=0.636 | [fourier+wavelet+attention+attention+wavelet+fourier]

  Global best: Lab 9 (fitness=0.6101)
  Best architecture: attention+fourier+fourier+fourier | ch=83 | modes=16 | act=gelu
================================================================================


  ── Diversity Metrics ──
  Active paradigms: deeponet(1) fno(4) fno_spawn(6) fno_spawn_spawn(2) transformer(1) transformer_spawn(1) wavelet(1) 
  Block usage: fourier=47% attention=24% wavelet=16% residual_conv=8% branch_trunk=5% 
  Architectural diversity index: 0.3916 (0=homogeneous, 1=maximally diverse)
  Detected 2 rival camp(s):
    Camp 'hybrid-mixed': Labs [0, 1, 3, 4, 7, 8, 10, 14, 15], avg composite=0.4247
    Camp 'fourier-dominant': Labs [2, 5, 6, 11, 12, 13], avg composite=0.4557
  ✓ checkpoint saved (iteration 15/20)

────────────────────────────────────────────────────────────────────────────────
  ITERATION 16/20
────────────────────────────────────────────────────────────────────────────────
  Active labs: 16/16

  Phase 1: Planning...

  Phase 2: Building and Training...
    Lab 0: 661,073 params, blocks=['attention', 'fourier', 'fourier', 'branch_trunk', 'attention']
    Lab 1: 153,038 params, blocks=['fourier', 'residual_conv', 'attention', 'fourier', 'wavelet', 'fourier']
    Lab 2: 228,625 params, blocks=['fourier', 'fourier', 'fourier', 'attention', 'branch_trunk']
    Lab 3: 90,865 params, blocks=['fourier', 'residual_conv', 'attention', 'wavelet']
    Lab 4: 435,738 params, blocks=['wavelet', 'wavelet', 'attention', 'fourier', 'attention', 'fourier', 'attention', 'attention']
    Lab 5: 824,697 params, blocks=['fourier', 'fourier', 'fourier', 'fourier', 'branch_trunk']
    Lab 6: 950,666 params, blocks=['wavelet', 'fourier', 'fourier', 'fourier', 'fourier', 'attention']
    Lab 7: 198,657 params, blocks=['fourier', 'wavelet', 'attention', 'attention', 'residual_conv']
    Lab 8: 471,101 params, blocks=['fourier', 'wavelet', 'residual_conv', 'fourier']
    Lab 9: 368,677 params, blocks=['attention', 'attention', 'residual_conv']
    Lab 10: 187,025 params, blocks=['fourier', 'branch_trunk', 'fourier', 'residual_conv']
    Lab 11: 429,553 params, blocks=['fourier', 'fourier']
    Lab 12: 434,218 params, blocks=['fourier', 'fourier', 'fourier', 'fourier', 'attention', 'wavelet']
    Lab 13: 1,987,969 params, blocks=['fourier', 'fourier', 'fourier', 'attention', 'attention', 'fourier', 'fourier']
    Lab 14: 140,481 params, blocks=['fourier', 'wavelet', 'attention']
    Lab 15: 211,321 params, blocks=['wavelet', 'fourier']

  Phase 3: Peer Review...

  Phase 4: Composite Fitness...
    ★ NEW GLOBAL BEST: Lab 0 (composite=0.6246)

================================================================================
  SWARM LEADERBOARD
================================================================================
  #1  Lab  0 (fno               ) | composite=0.6246 | trust=0.521 | [attention+fourier+fourier+branch_trunk+attention]
  #2  Lab 11 (fno_spawn         ) | composite=0.4643 | trust=0.540 | [fourier+fourier]
  #3  Lab 15 (fno_spawn         ) | composite=0.4321 | trust=0.616 | [wavelet+fourier]
  #4  Lab 10 (fno_spawn_spawn   ) | composite=0.4228 | trust=0.406 | [fourier+branch_trunk+fourier+residual_conv]
  #5  Lab  8 (transformer_spawn ) | composite=0.3920 | trust=0.596 | [fourier+wavelet+residual_conv+fourier]

  Global best: Lab 0 (fitness=0.6246)
  Best architecture: attention+fourier+fourier+branch_trunk+attention | ch=96 | modes=16 | act=relu
================================================================================


  ── Diversity Metrics ──
  Active paradigms: deeponet(1) fno(4) fno_spawn(6) fno_spawn_spawn(2) transformer(1) transformer_spawn(1) wavelet(1) 
  Block usage: fourier=49% attention=24% wavelet=13% residual_conv=8% branch_trunk=5% 
  Architectural diversity index: 0.3845 (0=homogeneous, 1=maximally diverse)
  Detected 2 rival camp(s):
    Camp 'hybrid-mixed': Labs [0, 1, 3, 4, 7, 8, 10, 14, 15], avg composite=0.4059
    Camp 'fourier-dominant': Labs [2, 5, 6, 11, 12, 13], avg composite=0.3452
  ✓ checkpoint saved (iteration 16/20)

────────────────────────────────────────────────────────────────────────────────
  ITERATION 17/20
────────────────────────────────────────────────────────────────────────────────
  Active labs: 16/16

  Phase 1: Planning...

  Phase 2: Building and Training...
    Lab 0: 909,073 params, blocks=['attention', 'fourier', 'fourier', 'branch_trunk', 'attention']
    Lab 1: 589,262 params, blocks=['fourier', 'residual_conv', 'attention', 'fourier', 'wavelet', 'fourier']
    Lab 2: 773,047 params, blocks=['fourier', 'fourier', 'fourier', 'attention', 'branch_trunk']
    Lab 3: 108,865 params, blocks=['fourier', 'residual_conv', 'fourier']
    Lab 4: 826,117 params, blocks=['wavelet', 'wavelet', 'attention', 'fourier', 'attention', 'fourier', 'fourier', 'attention']
    Lab 5: 724,633 params, blocks=['attention', 'fourier', 'fourier', 'fourier', 'branch_trunk']
    Lab 6: 1,095,685 params, blocks=['wavelet', 'fourier', 'fourier', 'fourier', 'fourier', 'attention']
    Lab 7: 808,968 params, blocks=['fourier', 'wavelet', 'attention', 'attention', 'residual_conv']
    Lab 8: 551,401 params, blocks=['fourier', 'wavelet', 'wavelet', 'residual_conv', 'fourier']
    Lab 9: 436,481 params, blocks=['attention', 'attention', 'branch_trunk', 'residual_conv']
    Lab 10: 776,209 params, blocks=['fourier', 'branch_trunk', 'fourier', 'residual_conv']
    Lab 11: 277,770 params, blocks=['fourier', 'fourier']
    Lab 12: 132,865 params, blocks=['fourier', 'fourier', 'fourier', 'fourier', 'attention', 'wavelet']
    Lab 13: 727,354 params, blocks=['fourier', 'fourier', 'fourier', 'attention', 'attention', 'fourier', 'fourier']
    Lab 14: 398,629 params, blocks=['fourier', 'wavelet', 'attention']
    Lab 15: 155,136 params, blocks=['wavelet', 'attention']

  Phase 3: Peer Review...

  Phase 4: Composite Fitness...

================================================================================
  SWARM LEADERBOARD
================================================================================
  #1  Lab 10 (fno_spawn_spawn   ) | composite=0.5904 | trust=0.585 | [fourier+branch_trunk+fourier+residual_conv]
  #2  Lab  7 (fno_spawn         ) | composite=0.4397 | trust=0.597 | [fourier+wavelet+attention+attention+residual_conv]
  #3  Lab  0 (fno               ) | composite=0.4365 | trust=0.508 | [attention+fourier+fourier+branch_trunk+attention]
  #4  Lab 12 (fno               ) | composite=0.4235 | trust=0.613 | [fourier+fourier+fourier+fourier+attention+wavelet]
  #5  Lab  5 (fno_spawn_spawn   ) | composite=0.4069 | trust=0.452 | [attention+fourier+fourier+fourier+branch_trunk]

  Global best: Lab 0 (fitness=0.6246)
  Best architecture: attention+fourier+fourier+branch_trunk+attention | ch=96 | modes=16 | act=relu
================================================================================


  ── Diversity Metrics ──
  Active paradigms: deeponet(1) fno(4) fno_spawn(6) fno_spawn_spawn(2) transformer(1) transformer_spawn(1) wavelet(1) 
  Block usage: fourier=49% attention=24% wavelet=13% residual_conv=8% branch_trunk=7% 
  Architectural diversity index: 0.3955 (0=homogeneous, 1=maximally diverse)
  Detected 2 rival camp(s):
    Camp 'hybrid-mixed': Labs [0, 1, 4, 7, 8, 9, 10, 14, 15], avg composite=0.3415
    Camp 'fourier-dominant': Labs [2, 3, 5, 6, 11, 12, 13], avg composite=0.3728
  ✓ checkpoint saved (iteration 17/20)

────────────────────────────────────────────────────────────────────────────────
  ITERATION 18/20
────────────────────────────────────────────────────────────────────────────────
  Active labs: 16/16

  Phase 1: Planning...

  Phase 2: Building and Training...
    Lab 0: 909,073 params, blocks=['attention', 'fourier', 'fourier', 'branch_trunk', 'attention']
    Lab 1: 340,625 params, blocks=['fourier', 'residual_conv', 'attention', 'fourier', 'wavelet', 'fourier']
    Lab 2: 715,425 params, blocks=['fourier', 'branch_trunk', 'fourier', 'attention', 'branch_trunk']
    Lab 3: 398,913 params, blocks=['fourier', 'residual_conv', 'fourier']
    Lab 4: 826,117 params, blocks=['wavelet', 'wavelet', 'attention', 'fourier', 'attention', 'fourier', 'fourier', 'attention']
    Lab 5: 619,769 params, blocks=['attention', 'fourier', 'fourier', 'fourier', 'branch_trunk']
    Lab 6: 1,074,338 params, blocks=['wavelet', 'fourier', 'fourier', 'fourier', 'fourier', 'attention']
    Lab 7: 963,665 params, blocks=['fourier', 'wavelet', 'attention', 'attention', 'attention', 'residual_conv']
    Lab 8: 584,938 params, blocks=['fourier', 'wavelet', 'wavelet', 'residual_conv', 'fourier']
    Lab 9: 308,087 params, blocks=['attention', 'branch_trunk', 'residual_conv']
    Lab 10: 804,737 params, blocks=['fourier', 'fourier', 'fourier', 'residual_conv']
    Lab 11: 207,371 params, blocks=['fourier', 'attention']
    Lab 12: 139,873 params, blocks=['wavelet', 'fourier', 'fourier', 'fourier', 'attention', 'wavelet']
    Lab 13: 726,722 params, blocks=['fourier', 'fourier', 'fourier', 'wavelet', 'attention', 'fourier', 'fourier']
    Lab 14: 691,073 params, blocks=['fourier', 'wavelet', 'attention']
    Lab 15: 171,801 params, blocks=['wavelet', 'attention']

  Phase 3: Peer Review...

  Phase 4: Composite Fitness...
    Lab 9 respawned from Lab 14 (paradigm: transformer_spawn)

================================================================================
  SWARM LEADERBOARD
================================================================================
  #1  Lab 12 (fno               ) | composite=0.5717 | trust=0.729 | [wavelet+fourier+fourier+fourier+attention+wavelet]
  #2  Lab 14 (transformer       ) | composite=0.4138 | trust=0.397 | [fourier+wavelet+attention]
  #3  Lab  3 (fno_spawn         ) | composite=0.4048 | trust=0.419 | [fourier+residual_conv+fourier]
  #4  Lab  1 (fno               ) | composite=0.4010 | trust=0.419 | [fourier+residual_conv+attention+fourier+wavelet+fourier]
  #5  Lab  5 (fno_spawn_spawn   ) | composite=0.3954 | trust=0.404 | [attention+fourier+fourier+fourier+branch_trunk]

  Global best: Lab 0 (fitness=0.6246)
  Best architecture: attention+fourier+fourier+branch_trunk+attention | ch=96 | modes=16 | act=relu
================================================================================


  ── Diversity Metrics ──
  Active paradigms: deeponet(1) fno(4) fno_spawn(5) fno_spawn_spawn(2) transformer(1) transformer_spawn(2) wavelet(1) 
  Block usage: fourier=47% attention=25% wavelet=16% residual_conv=7% branch_trunk=5% 
  Architectural diversity index: 0.3879 (0=homogeneous, 1=maximally diverse)
  Detected 2 rival camp(s):
    Camp 'hybrid-mixed': Labs [0, 1, 2, 4, 7, 8, 11, 12, 14, 15], avg composite=0.3564
    Camp 'fourier-dominant': Labs [3, 5, 6, 10, 13], avg composite=0.3772
  ✓ checkpoint saved (iteration 18/20)

────────────────────────────────────────────────────────────────────────────────
  ITERATION 19/20
────────────────────────────────────────────────────────────────────────────────
  Active labs: 16/16

  Phase 1: Planning...

  Phase 2: Building and Training...
    Lab 0: 696,209 params, blocks=['attention', 'fourier', 'fourier', 'fourier', 'branch_trunk', 'attention']
    Lab 1: 23,954 params, blocks=['fourier', 'fourier', 'attention', 'fourier', 'wavelet', 'fourier']
    Lab 2: 647,849 params, blocks=['fourier', 'branch_trunk', 'fourier', 'attention', 'branch_trunk']
    Lab 3: 398,913 params, blocks=['fourier', 'residual_conv', 'fourier']
    Lab 4: 826,117 params, blocks=['wavelet', 'wavelet', 'attention', 'fourier', 'attention', 'fourier', 'fourier', 'attention']
    Lab 5: 413,777 params, blocks=['attention', 'fourier', 'fourier', 'fourier', 'branch_trunk']
    Lab 6: 1,074,338 params, blocks=['wavelet', 'fourier', 'fourier', 'fourier', 'fourier', 'attention']
    Lab 7: 963,665 params, blocks=['fourier', 'wavelet', 'attention', 'attention', 'attention', 'residual_conv']
    Lab 8: 520,840 params, blocks=['fourier', 'wavelet', 'wavelet', 'residual_conv', 'fourier']
    Lab 9: 772,737 params, blocks=['fourier', 'fourier', 'attention']
    Lab 10: 838,657 params, blocks=['fourier', 'fourier', 'fourier', 'attention']
    Lab 11: 127,087 params, blocks=['branch_trunk', 'attention']
    Lab 12: 140,257 params, blocks=['wavelet', 'fourier', 'fourier', 'fourier', 'attention', 'attention']
    Lab 13: 585,407 params, blocks=['fourier', 'fourier', 'fourier', 'branch_trunk', 'attention', 'fourier']
    Lab 14: 410,257 params, blocks=['attention', 'wavelet', 'attention']
    Lab 15: 176,044 params, blocks=['attention', 'attention']

  Phase 3: Peer Review...

  Phase 4: Composite Fitness...
    Lab 14 respawned from Lab 12 (paradigm: fno_spawn)
    Lab 11 respawned from Lab 9 (paradigm: transformer_spawn_spawn)

================================================================================
  SWARM LEADERBOARD
================================================================================
  #1  Lab  5 (fno_spawn_spawn   ) | composite=0.5931 | trust=0.583 | [attention+fourier+fourier+fourier+branch_trunk]
  #2  Lab  9 (transformer_spawn ) | composite=0.5249 | trust=0.414 | [fourier+fourier+attention]
  #3  Lab 12 (fno               ) | composite=0.4759 | trust=0.719 | [wavelet+fourier+fourier+fourier+attention+attention]
  #4  Lab  0 (fno               ) | composite=0.4635 | trust=0.477 | [attention+fourier+fourier+fourier+branch_trunk+attention]
  #5  Lab 10 (fno_spawn_spawn   ) | composite=0.4586 | trust=0.466 | [fourier+fourier+fourier+attention]

  Global best: Lab 0 (fitness=0.6246)
  Best architecture: attention+fourier+fourier+branch_trunk+attention | ch=96 | modes=16 | act=relu
================================================================================


  ── Diversity Metrics ──
  Active paradigms: deeponet(1) fno(4) fno_spawn(5) fno_spawn_spawn(2) transformer_spawn(2) transformer_spawn_spawn(1) wavelet(1) 
  Block usage: fourier=51% attention=27% wavelet=10% branch_trunk=6% residual_conv=5% 
  Architectural diversity index: 0.3824 (0=homogeneous, 1=maximally diverse)
  Detected 2 rival camp(s):
    Camp 'hybrid-mixed': Labs [0, 2, 4, 7, 8, 12, 14], avg composite=0.3671
    Camp 'fourier-dominant': Labs [1, 3, 5, 6, 9, 10, 11, 13], avg composite=0.3973
  ✓ checkpoint saved (iteration 19/20)

────────────────────────────────────────────────────────────────────────────────
  ITERATION 20/20
────────────────────────────────────────────────────────────────────────────────
  Active labs: 16/16

  Phase 1: Planning...

  Phase 2: Building and Training...
    Lab 0: 926,885 params, blocks=['attention', 'fourier', 'fourier', 'fourier', 'attention', 'attention']
    Lab 1: 665,254 params, blocks=['fourier', 'fourier', 'attention', 'fourier', 'wavelet', 'fourier']
    Lab 2: 756,425 params, blocks=['fourier', 'branch_trunk', 'fourier', 'attention', 'residual_conv', 'branch_trunk']
    Lab 3: 265,329 params, blocks=['attention', 'attention', 'residual_conv']
    Lab 4: 1,288,840 params, blocks=['wavelet', 'wavelet', 'fourier', 'fourier', 'attention', 'fourier', 'fourier', 'attention']
    Lab 5: 413,777 params, blocks=['attention', 'fourier', 'fourier', 'fourier', 'branch_trunk']
    Lab 6: 1,074,338 params, blocks=['wavelet', 'fourier', 'fourier', 'fourier', 'fourier', 'attention']
    Lab 7: 1,025,900 params, blocks=['fourier', 'wavelet', 'attention', 'attention', 'attention', 'residual_conv']
    Lab 8: 577,417 params, blocks=['fourier', 'fourier', 'wavelet', 'residual_conv', 'fourier']
    Lab 9: 772,737 params, blocks=['fourier', 'fourier', 'attention']
    Lab 10: 1,035,265 params, blocks=['fourier', 'fourier', 'fourier', 'attention']
    Lab 11: 498,001 params, blocks=['attention', 'fourier', 'fourier', 'fourier']
    Lab 12: 617,526 params, blocks=['fourier', 'fourier', 'fourier', 'fourier', 'attention', 'attention']
    Lab 13: 254,765 params, blocks=['fourier', 'fourier', 'fourier', 'branch_trunk', 'attention', 'fourier']
    Lab 14: 1,200,897 params, blocks=['fourier', 'attention', 'attention', 'residual_conv', 'fourier']
    Lab 15: 184,234 params, blocks=['attention', 'attention']

  Phase 3: Peer Review...

  Phase 4: Composite Fitness...
    Lab 15 respawned from Lab 1 (paradigm: fno_spawn)

================================================================================
  SWARM LEADERBOARD
================================================================================
  #1  Lab 12 (fno               ) | composite=0.6053 | trust=0.803 | [fourier+fourier+fourier+fourier+attention+attention]
  #2  Lab  2 (deeponet          ) | composite=0.5085 | trust=0.460 | [fourier+branch_trunk+fourier+attention+residual_conv+branch_trunk]
  #3  Lab  1 (fno               ) | composite=0.4999 | trust=0.602 | [fourier+fourier+attention+fourier+wavelet+fourier]
  #4  Lab 14 (fno_spawn         ) | composite=0.4789 | trust=0.358 | [fourier+attention+attention+residual_conv+fourier]
  #5  Lab  5 (fno_spawn_spawn   ) | composite=0.4724 | trust=0.563 | [attention+fourier+fourier+fourier+branch_trunk]

  Global best: Lab 0 (fitness=0.6246)
  Best architecture: attention+fourier+fourier+branch_trunk+attention | ch=96 | modes=16 | act=relu
================================================================================


  ── Diversity Metrics ──
  Active paradigms: deeponet(1) fno(4) fno_spawn(5) fno_spawn_spawn(2) transformer_spawn(2) transformer_spawn_spawn(1) wavelet(1) 
  Block usage: fourier=54% attention=28% wavelet=7% residual_conv=6% branch_trunk=5% 
  Architectural diversity index: 0.3254 (0=homogeneous, 1=maximally diverse)
  Detected 2 rival camp(s):
    Camp 'hybrid-mixed': Labs [0, 2, 4, 7, 14], avg composite=0.4467
    Camp 'fourier-dominant': Labs [1, 5, 6, 8, 9, 10, 11, 12, 13, 15], avg composite=0.3896
  ✓ checkpoint saved (iteration 20/20)

================================================================================
  FINAL REPORT: AI SCIENTIFIC COMMUNITY RESULTS
================================================================================

  ★ GLOBAL BEST ARCHITECTURE ★
  Discovered by: Lab 0
  Composite fitness: 0.6246
  Block sequence: attention → fourier → fourier → branch_trunk → attention
  Hidden channels: 96
  Fourier modes: 16
  Activation: relu
  Gating: True | Skip: True | Dropout: 0.016
  LR: 0.0020000000037603874 | WD: 0.0

  ── Architecture Classification ──
  Type: HYBRID
  Components: attention(40%), fourier(40%), branch_trunk(20%)
  Notable: Spectral-Attention hybrid
  Notable: Spectral-DeepONet hybrid
  Notable: Transformer-DeepONet hybrid

  ── All Labs Final State ──
  [ACTIVE] Lab 12 (fno): [fourier+fourier+fourier+fourier+attention+attention] ch=85 modes=11 | acc=0.3987, gen=0.3596, eff=0.9366, nov=0.7670, comp=0.6053 | trust=0.803
  [ACTIVE] Lab 2 (deeponet): [fourier+branch_trunk+fourier+attention+residual_conv+branch_trunk] ch=104 modes=12 | acc=0.3847, gen=0.3517, eff=0.9219, nov=0.8272, comp=0.5085 | trust=0.460
  [ACTIVE] Lab 1 (fno): [fourier+fourier+attention+fourier+wavelet+fourier] ch=81 modes=15 | acc=0.3308, gen=0.3090, eff=0.9287, nov=0.6996, comp=0.4999 | trust=0.602
  [ACTIVE] Lab 14 (fno_spawn): [fourier+attention+attention+residual_conv+fourier] ch=128 modes=16 | acc=0.4364, gen=0.3775, eff=0.8787, nov=0.8342, comp=0.4789 | trust=0.358
  [ACTIVE] Lab 5 (fno_spawn_spawn): [attention+fourier+fourier+fourier+branch_trunk] ch=80 modes=16 | acc=0.4081, gen=0.3677, eff=0.9577, nov=0.9184, comp=0.4724 | trust=0.563
  [ACTIVE] Lab 9 (transformer_spawn): [fourier+fourier+attention] ch=128 modes=14 | acc=0.4150, gen=0.3583, eff=0.9220, nov=0.8580, comp=0.4524 | trust=0.426
  [ACTIVE] Lab 7 (fno_spawn): [fourier+wavelet+attention+attention+attention+residual_conv] ch=119 modes=12 | acc=0.3796, gen=0.3514, eff=0.8959, nov=0.8028, comp=0.4491 | trust=0.475
  [ACTIVE] Lab 6 (wavelet): [wavelet+fourier+fourier+fourier+fourier+attention] ch=101 modes=16 | acc=0.3603, gen=0.3317, eff=0.8911, nov=0.6644, comp=0.4330 | trust=0.410
  [ACTIVE] Lab 4 (fno_spawn): [wavelet+wavelet+fourier+fourier+attention+fourier+fourier+attention] ch=103 modes=14 | acc=0.2266, gen=0.2135, eff=0.8693, nov=0.9049, comp=0.4014 | trust=0.398
  [ACTIVE] Lab 0 (fno): [attention+fourier+fourier+fourier+attention+attention] ch=98 modes=16 | acc=0.4074, gen=0.3610, eff=0.9026, nov=0.6342, comp=0.3956 | trust=0.426
  [ACTIVE] Lab 10 (fno_spawn_spawn): [fourier+fourier+fourier+attention] ch=128 modes=13 | acc=0.3942, gen=0.3496, eff=0.8955, nov=0.7291, comp=0.3880 | trust=0.416
  [ACTIVE] Lab 11 (transformer_spawn_spawn): [attention+fourier+fourier+fourier] ch=83 modes=16 | acc=0.3240, gen=0.3128, eff=0.9492, nov=0.7793, comp=0.3506 | trust=0.285
  [ACTIVE] Lab 8 (transformer_spawn): [fourier+fourier+wavelet+residual_conv+fourier] ch=98 modes=14 | acc=0.3200, gen=0.3083, eff=0.9413, nov=0.9083, comp=0.3091 | trust=0.368
  [ACTIVE] Lab 13 (fno): [fourier+fourier+fourier+branch_trunk+attention+fourier] ch=52 modes=14 | acc=0.2497, gen=0.2447, eff=0.9730, nov=1.0000, comp=0.2850 | trust=0.366
  [ACTIVE] Lab 3 (fno_spawn): [attention+attention+residual_conv] ch=92 modes=15 | acc=0.0284, gen=0.0086, eff=0.9711, nov=0.8667, comp=0.1288 | trust=0.344
  [ACTIVE] Lab 15 (fno_spawn): [fourier+attention+fourier] ch=32 modes=12 | acc=0.0155, gen=0.0156, eff=0.9809, nov=0.8955, comp=0.1006 | trust=0.400

  ── Global Best Evolution ──
  Iter  1: fitness=0.5824 | lab=0 | blocks=fourier+fourier+fourier+fourier | active=16
  Iter  2: fitness=0.5824 | lab=0 | blocks=fourier+fourier+fourier+fourier | active=16
  Iter  3: fitness=0.5946 | lab=12 | blocks=fourier+attention+fourier+fourier+fourier | active=16
  Iter  4: fitness=0.6038 | lab=0 | blocks=fourier+fourier+fourier+fourier | active=16
  Iter  5: fitness=0.6038 | lab=0 | blocks=fourier+fourier+fourier+fourier | active=16
  Iter  6: fitness=0.6038 | lab=0 | blocks=fourier+fourier+fourier+fourier | active=16
  Iter  7: fitness=0.6038 | lab=0 | blocks=fourier+fourier+fourier+fourier | active=16
  Iter  8: fitness=0.6101 | lab=9 | blocks=attention+fourier+fourier+fourier | active=16
  Iter  9: fitness=0.6101 | lab=9 | blocks=attention+fourier+fourier+fourier | active=16
  Iter 10: fitness=0.6101 | lab=9 | blocks=attention+fourier+fourier+fourier | active=16
  Iter 11: fitness=0.6101 | lab=9 | blocks=attention+fourier+fourier+fourier | active=16
  Iter 12: fitness=0.6101 | lab=9 | blocks=attention+fourier+fourier+fourier | active=16
  Iter 13: fitness=0.6101 | lab=9 | blocks=attention+fourier+fourier+fourier | active=16
  Iter 14: fitness=0.6101 | lab=9 | blocks=attention+fourier+fourier+fourier | active=16
  Iter 15: fitness=0.6101 | lab=9 | blocks=attention+fourier+fourier+fourier | active=16
  Iter 16: fitness=0.6246 | lab=0 | blocks=attention+fourier+fourier+branch_trunk+attention | active=16
  Iter 17: fitness=0.6246 | lab=0 | blocks=attention+fourier+fourier+branch_trunk+attention | active=16
  Iter 18: fitness=0.6246 | lab=0 | blocks=attention+fourier+fourier+branch_trunk+attention | active=16
  Iter 19: fitness=0.6246 | lab=0 | blocks=attention+fourier+fourier+branch_trunk+attention | active=16
  Iter 20: fitness=0.6246 | lab=0 | blocks=attention+fourier+fourier+branch_trunk+attention | active=16

  ✓ FINAL.json written. Done.
==== [3/3] paper_burgers_seed42 ====
╔══════════════════════════════════════════════════════════════════════════════╗
║                 1D SWARM (resume-safe)  preset=paper-grade-1d                ║
║                 pde=burgers  tag=paper_burgers_seed42  seed=42               ║
╚══════════════════════════════════════════════════════════════════════════════╝
  Config: 16 labs x 20 iter, res=128, train=256, epochs/iter=40, device=cuda
  Agentic: OFF
  Run dir: C:\Users\luisl\OneDrive\Documentos\TAMU\2026.4 ICERM\Neural Operator Discovery\results\swarm_runs\paper_burgers_seed42
  Generating Burgers-1D data...
  Train: (256, 1, 128), Test: (64, 1, 128)

  Cached data to C:\Users\luisl\OneDrive\Documentos\TAMU\2026.4 ICERM\Neural Operator Discovery\results\swarm_runs\paper_burgers_seed42\data.pt
  No checkpoint found — initializing fresh swarm

================================================================================
  INITIALIZING AI SCIENTIFIC COMMUNITY (1D)
================================================================================
  Lab 0 (fno): blocks=['fourier', 'fourier', 'fourier', 'fourier'], ch=64, modes=12
  Lab 1 (fno): blocks=['fourier', 'fourier', 'fourier', 'fourier'], ch=64, modes=12
  Lab 2 (deeponet): blocks=['branch_trunk', 'branch_trunk', 'branch_trunk', 'branch_trunk'], ch=64, modes=8
  Lab 3 (deeponet): blocks=['branch_trunk', 'branch_trunk', 'branch_trunk', 'branch_trunk'], ch=64, modes=8
  Lab 4 (transformer): blocks=['attention', 'attention', 'attention'], ch=64, modes=8
  Lab 5 (transformer): blocks=['attention', 'attention', 'attention'], ch=64, modes=8
  Lab 6 (wavelet): blocks=['wavelet', 'wavelet', 'wavelet', 'wavelet'], ch=48, modes=8
  Lab 7 (hybrid_fno_attn): blocks=['fourier', 'attention', 'fourier', 'attention'], ch=64, modes=10
  Lab 8 (random): blocks=['branch_trunk', 'branch_trunk', 'attention', 'attention', 'branch_trunk'], ch=32, modes=4
  Lab 9 (random): blocks=['wavelet', 'residual_conv'], ch=32, modes=10
  Lab 10 (random): blocks=['attention', 'branch_trunk'], ch=32, modes=6
  Lab 11 (random): blocks=['branch_trunk', 'attention', 'branch_trunk', 'fourier'], ch=48, modes=12
  Lab 12 (fno): blocks=['fourier', 'fourier', 'fourier', 'fourier'], ch=64, modes=12
  Lab 13 (fno): blocks=['fourier', 'fourier', 'fourier', 'fourier'], ch=64, modes=12
  Lab 14 (transformer): blocks=['attention', 'attention', 'attention'], ch=64, modes=8
  Lab 15 (deeponet): blocks=['branch_trunk', 'branch_trunk', 'branch_trunk', 'branch_trunk'], ch=64, modes=8

  Initialized 16 virtual 1D labs across 6 paradigms

================================================================================
  BEGINNING SWARM ITERATIONS
================================================================================

────────────────────────────────────────────────────────────────────────────────
  ITERATION 1/20
────────────────────────────────────────────────────────────────────────────────
  Active labs: 16/16

  Phase 1: Planning...

  Phase 2: Building and Training...
    Lab 0: 217,601 params, blocks=['fourier', 'fourier', 'fourier', 'fourier']
    Lab 1: 217,601 params, blocks=['fourier', 'fourier', 'fourier', 'fourier']
    Lab 2: 78,657 params, blocks=['branch_trunk', 'branch_trunk', 'branch_trunk', 'branch_trunk']
    Lab 3: 93,553 params, blocks=['attention', 'branch_trunk', 'branch_trunk', 'branch_trunk']
    Lab 4: 179,009 params, blocks=['attention', 'attention', 'attention', 'residual_conv']
    Lab 5: 104,769 params, blocks=['attention', 'attention', 'attention']
    Lab 6: 130,225 params, blocks=['wavelet', 'wavelet', 'fourier', 'wavelet', 'wavelet']
    Lab 7: 157,633 params, blocks=['fourier', 'attention', 'attention']
    Lab 8: 90,081 params, blocks=['branch_trunk', 'branch_trunk', 'attention', 'attention']
    Lab 9: 15,649 params, blocks=['wavelet', 'residual_conv']
    Lab 10: 14,897 params, blocks=['attention', 'branch_trunk']
    Lab 11: 101,121 params, blocks=['branch_trunk', 'attention', 'branch_trunk', 'fourier']
    Lab 12: 251,073 params, blocks=['fourier', 'attention', 'fourier', 'fourier', 'fourier']
    Lab 13: 217,601 params, blocks=['fourier', 'fourier', 'fourier', 'fourier']
    Lab 14: 104,769 params, blocks=['attention', 'attention', 'attention']
    Lab 15: 84,785 params, blocks=['branch_trunk', 'branch_trunk', 'branch_trunk', 'residual_conv']

  Phase 3: Peer Review...

  Phase 4: Composite Fitness...
    ★ NEW GLOBAL BEST: Lab 0 (composite=0.5226)

================================================================================
  SWARM LEADERBOARD
================================================================================
  #1  Lab  0 (fno               ) | composite=0.5226 | trust=1.000 | [fourier+fourier+fourier+fourier]
  #2  Lab  1 (fno               ) | composite=0.5114 | trust=0.949 | [fourier+fourier+fourier+fourier]
  #3  Lab  6 (wavelet           ) | composite=0.4856 | trust=0.894 | [wavelet+wavelet+fourier+wavelet+wavelet]
  #4  Lab  7 (hybrid_fno_attn   ) | composite=0.4038 | trust=0.724 | [fourier+attention+attention]
  #5  Lab 12 (fno               ) | composite=0.3585 | trust=0.454 | [fourier+attention+fourier+fourier+fourier]

  Global best: Lab 0 (fitness=0.5226)
  Best architecture: fourier+fourier+fourier+fourier | ch=64 | modes=12 | act=gelu
================================================================================


  ── Diversity Metrics ──
  Active paradigms: deeponet(3) fno(4) hybrid_fno_attn(1) random(4) transformer(3) wavelet(1) 
  Block usage: fourier=32% attention=29% branch_trunk=25% wavelet=8% residual_conv=5% 
  Architectural diversity index: 0.3729 (0=homogeneous, 1=maximally diverse)
  Detected 4 rival camp(s):
    Camp 'fourier-dominant': Labs [0, 1, 12, 13], avg composite=0.4287
    Camp 'branch_trunk-dominant': Labs [2, 3, 15], avg composite=0.1559
    Camp 'attention-dominant': Labs [4, 5, 7, 14], avg composite=0.2401
    Camp 'hybrid-mixed': Labs [8, 9, 10, 11], avg composite=0.1964
  ✓ checkpoint saved (iteration 1/20)

────────────────────────────────────────────────────────────────────────────────
  ITERATION 2/20
────────────────────────────────────────────────────────────────────────────────
  Active labs: 16/16

  Phase 1: Planning...

  Phase 2: Building and Training...
    Lab 0: 217,601 params, blocks=['fourier', 'fourier', 'fourier', 'fourier']
    Lab 1: 54,529 params, blocks=['fourier', 'fourier', 'fourier', 'fourier']
    Lab 2: 130,481 params, blocks=['fourier', 'attention', 'branch_trunk', 'branch_trunk', 'branch_trunk']
    Lab 3: 74,977 params, blocks=['attention', 'branch_trunk', 'branch_trunk']
    Lab 4: 129,473 params, blocks=['attention', 'attention', 'attention', 'residual_conv']
    Lab 5: 104,769 params, blocks=['attention', 'attention', 'attention']
    Lab 6: 130,225 params, blocks=['wavelet', 'wavelet', 'fourier', 'wavelet', 'wavelet']
    Lab 7: 107,649 params, blocks=['fourier', 'attention']
    Lab 8: 62,145 params, blocks=['branch_trunk', 'branch_trunk', 'attention', 'attention']
    Lab 9: 246,913 params, blocks=['wavelet', 'residual_conv']
    Lab 10: 56,401 params, blocks=['attention', 'branch_trunk']
    Lab 11: 61,809 params, blocks=['branch_trunk', 'attention', 'branch_trunk']
    Lab 12: 251,073 params, blocks=['fourier', 'attention', 'fourier', 'fourier', 'fourier']
    Lab 13: 133,361 params, blocks=['fourier', 'fourier', 'branch_trunk', 'fourier', 'fourier']
    Lab 14: 104,769 params, blocks=['attention', 'attention', 'attention']
    Lab 15: 84,785 params, blocks=['branch_trunk', 'branch_trunk', 'branch_trunk', 'residual_conv']

  Phase 3: Peer Review...

  Phase 4: Composite Fitness...

================================================================================
  SWARM LEADERBOARD
================================================================================
  #1  Lab  0 (fno               ) | composite=0.5197 | trust=1.000 | [fourier+fourier+fourier+fourier]
  #2  Lab  6 (wavelet           ) | composite=0.3829 | trust=0.694 | [wavelet+wavelet+fourier+wavelet+wavelet]
  #3  Lab  2 (deeponet          ) | composite=0.3776 | trust=0.492 | [fourier+attention+branch_trunk+branch_trunk+branch_trunk]
  #4  Lab  1 (fno               ) | composite=0.3730 | trust=0.675 | [fourier+fourier+fourier+fourier]
  #5  Lab 12 (fno               ) | composite=0.3499 | trust=0.434 | [fourier+attention+fourier+fourier+fourier]

  Global best: Lab 0 (fitness=0.5226)
  Best architecture: fourier+fourier+fourier+fourier | ch=64 | modes=12 | act=gelu
================================================================================


  ── Diversity Metrics ──
  Active paradigms: deeponet(3) fno(4) hybrid_fno_attn(1) random(4) transformer(3) wavelet(1) 
  Block usage: fourier=33% attention=29% branch_trunk=24% wavelet=9% residual_conv=5% 
  Architectural diversity index: 0.3959 (0=homogeneous, 1=maximally diverse)
  Detected 4 rival camp(s):
    Camp 'fourier-dominant': Labs [0, 1, 12, 13], avg composite=0.3684
    Camp 'branch_trunk-dominant': Labs [2, 3, 11, 15], avg composite=0.1980
    Camp 'attention-dominant': Labs [4, 5, 14], avg composite=0.1746
    Camp 'hybrid-mixed': Labs [7, 8, 9, 10], avg composite=0.1628
  ✓ checkpoint saved (iteration 2/20)

────────────────────────────────────────────────────────────────────────────────
  ITERATION 3/20
────────────────────────────────────────────────────────────────────────────────
  Active labs: 16/16

  Phase 1: Planning...

  Phase 2: Building and Training...
    Lab 0: 267,137 params, blocks=['fourier', 'fourier', 'fourier', 'fourier']
    Lab 1: 49,729 params, blocks=['fourier', 'attention', 'fourier', 'fourier']
    Lab 2: 196,529 params, blocks=['fourier', 'attention', 'branch_trunk', 'branch_trunk', 'branch_trunk']
    Lab 3: 41,505 params, blocks=['branch_trunk', 'branch_trunk']
    Lab 4: 129,473 params, blocks=['attention', 'attention', 'attention', 'residual_conv']
    Lab 5: 187,265 params, blocks=['attention', 'wavelet', 'attention', 'attention']
    Lab 6: 58,145 params, blocks=['wavelet', 'wavelet', 'fourier', 'wavelet', 'wavelet']
    Lab 7: 91,265 params, blocks=['fourier', 'attention']
    Lab 8: 90,081 params, blocks=['branch_trunk', 'branch_trunk', 'attention', 'attention']
    Lab 9: 17,647 params, blocks=['wavelet', 'residual_conv']
    Lab 10: 14,897 params, blocks=['attention', 'branch_trunk']
    Lab 11: 61,809 params, blocks=['branch_trunk', 'attention', 'branch_trunk']
    Lab 12: 251,073 params, blocks=['fourier', 'attention', 'fourier', 'fourier', 'fourier']
    Lab 13: 133,361 params, blocks=['fourier', 'fourier', 'branch_trunk', 'fourier', 'fourier']
    Lab 14: 137,793 params, blocks=['attention', 'attention', 'attention']
    Lab 15: 134,321 params, blocks=['branch_trunk', 'branch_trunk', 'branch_trunk', 'residual_conv']

  Phase 3: Peer Review...

  Phase 4: Composite Fitness...
    ★ NEW GLOBAL BEST: Lab 12 (composite=0.5237)

================================================================================
  SWARM LEADERBOARD
================================================================================
  #1  Lab 12 (fno               ) | composite=0.5237 | trust=0.690 | [fourier+attention+fourier+fourier+fourier]
  #2  Lab  7 (hybrid_fno_attn   ) | composite=0.4886 | trust=0.653 | [fourier+attention]
  #3  Lab  1 (fno               ) | composite=0.3633 | trust=0.572 | [fourier+attention+fourier+fourier]
  #4  Lab  0 (fno               ) | composite=0.3260 | trust=0.683 | [fourier+fourier+fourier+fourier]
  #5  Lab 13 (fno               ) | composite=0.3191 | trust=0.319 | [fourier+fourier+branch_trunk+fourier+fourier]

  Global best: Lab 12 (fitness=0.5237)
  Best architecture: fourier+attention+fourier+fourier+fourier | ch=64 | modes=12 | act=silu
================================================================================


  ── Diversity Metrics ──
  Active paradigms: deeponet(3) fno(4) hybrid_fno_attn(1) random(4) transformer(3) wavelet(1) 
  Block usage: fourier=31% attention=29% branch_trunk=24% wavelet=10% residual_conv=5% 
  Architectural diversity index: 0.4145 (0=homogeneous, 1=maximally diverse)
  Detected 4 rival camp(s):
    Camp 'fourier-dominant': Labs [0, 1, 12, 13], avg composite=0.3830
    Camp 'branch_trunk-dominant': Labs [2, 3, 11, 15], avg composite=0.2320
    Camp 'attention-dominant': Labs [4, 5, 14], avg composite=0.2107
    Camp 'hybrid-mixed': Labs [7, 8, 9, 10], avg composite=0.2809
  ✓ checkpoint saved (iteration 3/20)

────────────────────────────────────────────────────────────────────────────────
  ITERATION 4/20
────────────────────────────────────────────────────────────────────────────────
  Active labs: 16/16

  Phase 1: Planning...

  Phase 2: Building and Training...
    Lab 0: 600,385 params, blocks=['fourier', 'fourier', 'fourier', 'fourier']
    Lab 1: 49,729 params, blocks=['fourier', 'attention', 'fourier', 'fourier']
    Lab 2: 287,857 params, blocks=['fourier', 'attention', 'branch_trunk', 'branch_trunk', 'branch_trunk']
    Lab 3: 114,129 params, blocks=['attention', 'branch_trunk', 'residual_conv']
    Lab 4: 87,217 params, blocks=['attention', 'attention', 'attention', 'residual_conv', 'residual_conv']
    Lab 5: 187,265 params, blocks=['attention', 'wavelet', 'attention', 'attention']
    Lab 6: 58,145 params, blocks=['wavelet', 'wavelet', 'fourier', 'wavelet', 'wavelet']
    Lab 7: 82,497 params, blocks=['fourier', 'residual_conv']
    Lab 8: 90,081 params, blocks=['branch_trunk', 'branch_trunk', 'attention', 'attention']
    Lab 9: 62,017 params, blocks=['wavelet', 'residual_conv']
    Lab 10: 26,161 params, blocks=['attention', 'branch_trunk']
    Lab 11: 43,185 params, blocks=['branch_trunk', 'attention', 'branch_trunk']
    Lab 12: 251,073 params, blocks=['fourier', 'attention', 'fourier', 'fourier', 'fourier']
    Lab 13: 344,551 params, blocks=['fourier', 'fourier', 'attention', 'fourier', 'fourier']
    Lab 14: 137,793 params, blocks=['attention', 'attention', 'attention']
    Lab 15: 84,785 params, blocks=['branch_trunk', 'branch_trunk', 'branch_trunk', 'residual_conv']

  Phase 3: Peer Review...

  Phase 4: Composite Fitness...
    ★ NEW GLOBAL BEST: Lab 0 (composite=0.5371)
    Lab 11 respawned from Lab 1 (paradigm: fno_spawn)
    Lab 10 respawned from Lab 1 (paradigm: fno_spawn)

================================================================================
  SWARM LEADERBOARD
================================================================================
  #1  Lab  0 (fno               ) | composite=0.5371 | trust=0.808 | [fourier+fourier+fourier+fourier]
  #2  Lab  1 (fno               ) | composite=0.4042 | trust=0.595 | [fourier+attention+fourier+fourier]
  #3  Lab  7 (hybrid_fno_attn   ) | composite=0.4014 | trust=0.642 | [fourier+residual_conv]
  #4  Lab 13 (fno               ) | composite=0.3767 | trust=0.431 | [fourier+fourier+attention+fourier+fourier]
  #5  Lab  2 (deeponet          ) | composite=0.3224 | trust=0.362 | [fourier+attention+branch_trunk+branch_trunk+branch_trunk]

  Global best: Lab 0 (fitness=0.5371)
  Best architecture: fourier+fourier+fourier+fourier | ch=96 | modes=12 | act=gelu
================================================================================


  ── Diversity Metrics ──
  Active paradigms: deeponet(3) fno(4) fno_spawn(2) hybrid_fno_attn(1) random(2) transformer(3) wavelet(1) 
  Block usage: fourier=40% attention=26% branch_trunk=15% residual_conv=10% wavelet=10% 
  Architectural diversity index: 0.4035 (0=homogeneous, 1=maximally diverse)
  Detected 4 rival camp(s):
    Camp 'fourier-dominant': Labs [0, 1, 10, 11, 12, 13], avg composite=0.2932
    Camp 'branch_trunk-dominant': Labs [2, 15], avg composite=0.2167
    Camp 'hybrid-mixed': Labs [3, 7, 8, 9], avg composite=0.2305
    Camp 'attention-dominant': Labs [4, 5, 14], avg composite=0.1584
  ✓ checkpoint saved (iteration 4/20)

────────────────────────────────────────────────────────────────────────────────
  ITERATION 5/20
────────────────────────────────────────────────────────────────────────────────
  Active labs: 16/16

  Phase 1: Planning...

  Phase 2: Building and Training...
    Lab 0: 301,513 params, blocks=['fourier', 'fourier', 'fourier', 'fourier']
    Lab 1: 55,937 params, blocks=['fourier', 'attention', 'residual_conv', 'fourier', 'fourier']
    Lab 2: 328,001 params, blocks=['fourier', 'attention', 'branch_trunk', 'branch_trunk', 'branch_trunk', 'branch_trunk']
    Lab 3: 114,065 params, blocks=['attention', 'branch_trunk', 'wavelet', 'residual_conv']
    Lab 4: 374,101 params, blocks=['attention', 'attention', 'attention', 'residual_conv', 'residual_conv']
    Lab 5: 236,737 params, blocks=['attention', 'wavelet', 'wavelet', 'attention', 'attention']
    Lab 6: 58,145 params, blocks=['wavelet', 'wavelet', 'fourier', 'wavelet', 'wavelet']
    Lab 7: 82,497 params, blocks=['fourier', 'residual_conv']
    Lab 8: 90,081 params, blocks=['branch_trunk', 'branch_trunk', 'attention', 'attention']
    Lab 9: 94,977 params, blocks=['wavelet', 'wavelet', 'residual_conv']
    Lab 10: 217,601 params, blocks=['fourier', 'fourier', 'fourier', 'fourier']
    Lab 11: 324,631 params, blocks=['fourier', 'fourier', 'fourier']
    Lab 12: 251,073 params, blocks=['fourier', 'attention', 'fourier', 'fourier', 'fourier']
    Lab 13: 171,457 params, blocks=['fourier', 'fourier', 'fourier', 'attention', 'fourier', 'fourier']
    Lab 14: 360,550 params, blocks=['attention', 'fourier', 'attention']
    Lab 15: 84,785 params, blocks=['branch_trunk', 'branch_trunk', 'branch_trunk', 'residual_conv']

  Phase 3: Peer Review...

  Phase 4: Composite Fitness...
    Lab 8 respawned from Lab 7 (paradigm: hybrid_fno_attn_spawn)
    Lab 3 respawned from Lab 0 (paradigm: fno_spawn)

================================================================================
  SWARM LEADERBOARD
================================================================================
  #1  Lab  0 (fno               ) | composite=0.5349 | trust=0.877 | [fourier+fourier+fourier+fourier]
  #2  Lab 14 (transformer       ) | composite=0.4080 | trust=0.385 | [attention+fourier+attention]
  #3  Lab  7 (hybrid_fno_attn   ) | composite=0.3696 | trust=0.598 | [fourier+residual_conv]
  #4  Lab  2 (deeponet          ) | composite=0.3548 | trust=0.388 | [fourier+attention+branch_trunk+branch_trunk+branch_trunk+branch_trunk]
  #5  Lab 12 (fno               ) | composite=0.3463 | trust=0.462 | [fourier+attention+fourier+fourier+fourier]

  Global best: Lab 0 (fitness=0.5371)
  Best architecture: fourier+fourier+fourier+fourier | ch=96 | modes=12 | act=gelu
================================================================================


  ── Diversity Metrics ──
  Active paradigms: deeponet(2) fno(4) fno_spawn(3) hybrid_fno_attn(1) hybrid_fno_attn_spawn(1) random(1) transformer(3) wavelet(1) 
  Block usage: fourier=48% attention=18% wavelet=12% residual_conv=11% branch_trunk=11% 
  Architectural diversity index: 0.4074 (0=homogeneous, 1=maximally diverse)
  Detected 5 rival camp(s):
    Camp 'fourier-dominant': Labs [0, 1, 3, 10, 11, 12, 13], avg composite=0.3083
    Camp 'branch_trunk-dominant': Labs [2, 15], avg composite=0.2488
    Camp 'attention-dominant': Labs [4, 5, 14], avg composite=0.2763
    Camp 'wavelet-dominant': Labs [6, 9], avg composite=0.2430
    Camp 'hybrid-mixed': Labs [7, 8], avg composite=0.2470
  ✓ checkpoint saved (iteration 5/20)

────────────────────────────────────────────────────────────────────────────────
  ITERATION 6/20
────────────────────────────────────────────────────────────────────────────────
  Active labs: 16/16

  Phase 1: Planning...

  Phase 2: Building and Training...
    Lab 0: 223,177 params, blocks=['attention', 'fourier', 'fourier', 'fourier']
    Lab 1: 62,145 params, blocks=['fourier', 'residual_conv', 'attention', 'residual_conv', 'fourier', 'fourier']
    Lab 2: 513,281 params, blocks=['fourier', 'attention', 'branch_trunk', 'branch_trunk', 'branch_trunk', 'branch_trunk']
    Lab 3: 354,737 params, blocks=['fourier', 'fourier', 'branch_trunk', 'fourier']
    Lab 4: 611,457 params, blocks=['attention', 'attention', 'attention', 'residual_conv', 'residual_conv']
    Lab 5: 105,505 params, blocks=['wavelet', 'wavelet', 'attention', 'attention']
    Lab 6: 57,057 params, blocks=['wavelet', 'wavelet', 'fourier', 'fourier', 'wavelet']
    Lab 7: 82,369 params, blocks=['fourier', 'residual_conv']
    Lab 8: 131,969 params, blocks=['wavelet', 'fourier', 'residual_conv']
    Lab 9: 119,681 params, blocks=['wavelet', 'residual_conv', 'wavelet', 'residual_conv']
    Lab 10: 713,017 params, blocks=['fourier', 'fourier', 'fourier', 'fourier']
    Lab 11: 219,241 params, blocks=['fourier', 'fourier']
    Lab 12: 388,192 params, blocks=['fourier', 'attention', 'attention', 'fourier', 'fourier']
    Lab 13: 182,321 params, blocks=['fourier', 'fourier', 'fourier', 'branch_trunk', 'attention', 'fourier', 'fourier']
    Lab 14: 598,452 params, blocks=['attention', 'fourier', 'attention']
    Lab 15: 99,681 params, blocks=['attention', 'branch_trunk', 'branch_trunk', 'residual_conv']

  Phase 3: Peer Review...

  Phase 4: Composite Fitness...
    Lab 9 respawned from Lab 3 (paradigm: fno_spawn_spawn)
    Lab 4 respawned from Lab 8 (paradigm: hybrid_fno_attn_spawn_spawn)

================================================================================
  SWARM LEADERBOARD
================================================================================
  #1  Lab  3 (fno_spawn         ) | composite=0.5266 | trust=0.526 | [fourier+fourier+branch_trunk+fourier]
  #2  Lab  8 (hybrid_fno_attn_spawn) | composite=0.5152 | trust=0.461 | [wavelet+fourier+residual_conv]
  #3  Lab 12 (fno               ) | composite=0.4527 | trust=0.569 | [fourier+attention+attention+fourier+fourier]
  #4  Lab  7 (hybrid_fno_attn   ) | composite=0.4205 | trust=0.637 | [fourier+residual_conv]
  #5  Lab  2 (deeponet          ) | composite=0.3877 | trust=0.436 | [fourier+attention+branch_trunk+branch_trunk+branch_trunk+branch_trunk]

  Global best: Lab 0 (fitness=0.5371)
  Best architecture: fourier+fourier+fourier+fourier | ch=96 | modes=12 | act=gelu
================================================================================


  ── Diversity Metrics ──
  Active paradigms: deeponet(2) fno(4) fno_spawn(3) fno_spawn_spawn(1) hybrid_fno_attn(1) hybrid_fno_attn_spawn(1) hybrid_fno_attn_spawn_spawn(1) transformer(2) wavelet(1) 
  Block usage: fourier=48% attention=16% branch_trunk=13% wavelet=13% residual_conv=9% 
  Architectural diversity index: 0.4377 (0=homogeneous, 1=maximally diverse)
  Detected 3 rival camp(s):
    Camp 'fourier-dominant': Labs [0, 3, 9, 10, 11, 12, 13], avg composite=0.3397
    Camp 'hybrid-mixed': Labs [1, 5, 7, 8, 15], avg composite=0.3154
    Camp 'wavelet-dominant': Labs [4, 6], avg composite=0.2768
  ✓ checkpoint saved (iteration 6/20)

────────────────────────────────────────────────────────────────────────────────
  ITERATION 7/20
────────────────────────────────────────────────────────────────────────────────
  Active labs: 16/16

  Phase 1: Planning...

  Phase 2: Building and Training...
    Lab 0: 210,277 params, blocks=['attention', 'fourier', 'fourier', 'fourier']
    Lab 1: 385,761 params, blocks=['fourier', 'residual_conv', 'attention', 'residual_conv', 'fourier', 'fourier']
    Lab 2: 427,825 params, blocks=['attention', 'attention', 'branch_trunk', 'branch_trunk', 'branch_trunk']
    Lab 3: 354,737 params, blocks=['fourier', 'fourier', 'branch_trunk', 'fourier']
    Lab 4: 128,001 params, blocks=['wavelet', 'residual_conv', 'wavelet']
    Lab 5: 742,145 params, blocks=['wavelet', 'wavelet', 'attention', 'attention']
    Lab 6: 80,295 params, blocks=['wavelet', 'wavelet', 'fourier', 'fourier', 'wavelet']
    Lab 7: 47,633 params, blocks=['residual_conv', 'branch_trunk']
    Lab 8: 131,969 params, blocks=['wavelet', 'fourier', 'residual_conv']
    Lab 9: 825,873 params, blocks=['fourier', 'fourier', 'wavelet', 'branch_trunk', 'fourier']
    Lab 10: 479,629 params, blocks=['fourier', 'fourier', 'wavelet']
    Lab 11: 110,977 params, blocks=['fourier', 'fourier']
    Lab 12: 244,353 params, blocks=['fourier', 'attention', 'attention', 'fourier', 'attention']
    Lab 13: 228,401 params, blocks=['fourier', 'fourier', 'fourier', 'branch_trunk', 'attention', 'fourier', 'fourier']
    Lab 14: 315,937 params, blocks=['attention', 'fourier', 'attention']
    Lab 15: 99,681 params, blocks=['attention', 'branch_trunk', 'branch_trunk', 'residual_conv']

  Phase 3: Peer Review...

  Phase 4: Composite Fitness...

================================================================================
  SWARM LEADERBOARD
================================================================================
  #1  Lab 10 (fno_spawn         ) | composite=0.5302 | trust=0.485 | [fourier+fourier+wavelet]
  #2  Lab 11 (fno_spawn         ) | composite=0.4120 | trust=0.366 | [fourier+fourier]
  #3  Lab 13 (fno               ) | composite=0.3829 | trust=0.347 | [fourier+fourier+fourier+branch_trunk+attention+fourier+fourier]
  #4  Lab  0 (fno               ) | composite=0.3805 | trust=0.665 | [attention+fourier+fourier+fourier]
  #5  Lab 12 (fno               ) | composite=0.3784 | trust=0.551 | [fourier+attention+attention+fourier+attention]

  Global best: Lab 0 (fitness=0.5371)
  Best architecture: fourier+fourier+fourier+fourier | ch=96 | modes=12 | act=gelu
================================================================================


  ── Diversity Metrics ──
  Active paradigms: deeponet(2) fno(4) fno_spawn(3) fno_spawn_spawn(1) hybrid_fno_attn(1) hybrid_fno_attn_spawn(1) hybrid_fno_attn_spawn_spawn(1) transformer(2) wavelet(1) 
  Block usage: fourier=42% attention=20% wavelet=15% branch_trunk=14% residual_conv=9% 
  Architectural diversity index: 0.4475 (0=homogeneous, 1=maximally diverse)
  Detected 4 rival camp(s):
    Camp 'fourier-dominant': Labs [0, 3, 9, 10, 11, 13], avg composite=0.3811
    Camp 'hybrid-mixed': Labs [1, 5, 7, 8, 15], avg composite=0.1829
    Camp 'wavelet-dominant': Labs [4, 6], avg composite=0.1843
    Camp 'attention-dominant': Labs [12, 14], avg composite=0.3449
  ✓ checkpoint saved (iteration 7/20)

────────────────────────────────────────────────────────────────────────────────
  ITERATION 8/20
────────────────────────────────────────────────────────────────────────────────
  Active labs: 16/16

  Phase 1: Planning...

  Phase 2: Building and Training...
    Lab 0: 262,945 params, blocks=['attention', 'fourier', 'fourier', 'fourier']
    Lab 1: 385,761 params, blocks=['fourier', 'residual_conv', 'attention', 'residual_conv', 'fourier', 'fourier']
    Lab 2: 482,161 params, blocks=['fourier', 'attention', 'branch_trunk', 'branch_trunk', 'branch_trunk']
    Lab 3: 465,329 params, blocks=['fourier', 'fourier', 'branch_trunk', 'fourier']
    Lab 4: 128,001 params, blocks=['wavelet', 'residual_conv', 'wavelet']
    Lab 5: 889,345 params, blocks=['wavelet', 'fourier', 'attention', 'attention']
    Lab 6: 115,231 params, blocks=['fourier', 'wavelet', 'fourier', 'fourier', 'wavelet']
    Lab 7: 96,801 params, blocks=['residual_conv', 'branch_trunk']
    Lab 8: 386,934 params, blocks=['fourier', 'fourier', 'residual_conv']
    Lab 9: 128,399 params, blocks=['fourier', 'fourier', 'wavelet', 'fourier', 'fourier']
    Lab 10: 640,641 params, blocks=['fourier', 'fourier', 'wavelet']
    Lab 11: 508,929 params, blocks=['fourier', 'fourier']
    Lab 12: 145,857 params, blocks=['fourier', 'attention', 'attention', 'fourier', 'attention']
    Lab 13: 189,185 params, blocks=['fourier', 'fourier', 'fourier', 'branch_trunk', 'attention', 'fourier']
    Lab 14: 389,953 params, blocks=['attention', 'fourier', 'attention', 'wavelet']
    Lab 15: 115,401 params, blocks=['attention', 'branch_trunk', 'branch_trunk', 'residual_conv']

  Phase 3: Peer Review...

  Phase 4: Composite Fitness...
    Lab 15 respawned from Lab 10 (paradigm: fno_spawn_spawn)
    Lab 4 respawned from Lab 10 (paradigm: fno_spawn_spawn)

================================================================================
  SWARM LEADERBOARD
================================================================================
  #1  Lab  8 (hybrid_fno_attn_spawn) | composite=0.5248 | trust=0.557 | [fourier+fourier+residual_conv]
  #2  Lab 10 (fno_spawn         ) | composite=0.4569 | trust=0.571 | [fourier+fourier+wavelet]
  #3  Lab 11 (fno_spawn         ) | composite=0.4547 | trust=0.484 | [fourier+fourier]
  #4  Lab  9 (fno_spawn_spawn   ) | composite=0.4170 | trust=0.348 | [fourier+fourier+wavelet+fourier+fourier]
  #5  Lab  1 (fno               ) | composite=0.4134 | trust=0.532 | [fourier+residual_conv+attention+residual_conv+fourier+fourier]

  Global best: Lab 0 (fitness=0.5371)
  Best architecture: fourier+fourier+fourier+fourier | ch=96 | modes=12 | act=gelu
================================================================================


  ── Diversity Metrics ──
  Active paradigms: deeponet(1) fno(4) fno_spawn(3) fno_spawn_spawn(3) hybrid_fno_attn(1) hybrid_fno_attn_spawn(1) transformer(2) wavelet(1) 
  Block usage: fourier=54% attention=17% wavelet=14% branch_trunk=9% residual_conv=6% 
  Architectural diversity index: 0.4042 (0=homogeneous, 1=maximally diverse)
  Detected 2 rival camp(s):
    Camp 'fourier-dominant': Labs [0, 3, 6, 8, 9, 10, 11, 13, 15], avg composite=0.3569
    Camp 'hybrid-mixed': Labs [1, 4, 5, 7, 14], avg composite=0.2628
  ✓ checkpoint saved (iteration 8/20)

────────────────────────────────────────────────────────────────────────────────
  ITERATION 9/20
────────────────────────────────────────────────────────────────────────────────
  Active labs: 16/16

  Phase 1: Planning...

  Phase 2: Building and Training...
    Lab 0: 209,815 params, blocks=['fourier', 'fourier', 'fourier']
    Lab 1: 469,041 params, blocks=['fourier', 'residual_conv', 'attention', 'fourier', 'residual_conv', 'fourier', 'fourier']
    Lab 2: 491,377 params, blocks=['fourier', 'attention', 'branch_trunk', 'branch_trunk', 'branch_trunk']
    Lab 3: 548,273 params, blocks=['fourier', 'fourier', 'branch_trunk', 'fourier']
    Lab 4: 319,240 params, blocks=['fourier', 'fourier', 'wavelet', 'wavelet']
    Lab 5: 889,345 params, blocks=['wavelet', 'fourier', 'attention', 'attention']
    Lab 6: 110,953 params, blocks=['fourier', 'residual_conv', 'fourier', 'fourier', 'wavelet']
    Lab 7: 230,634 params, blocks=['residual_conv', 'fourier']
    Lab 8: 511,344 params, blocks=['residual_conv', 'fourier', 'residual_conv']
    Lab 9: 68,887 params, blocks=['fourier', 'fourier', 'wavelet', 'fourier', 'fourier']
    Lab 10: 715,807 params, blocks=['fourier', 'fourier', 'fourier']
    Lab 11: 127,489 params, blocks=['fourier', 'fourier']
    Lab 12: 158,273 params, blocks=['fourier', 'attention', 'attention', 'wavelet', 'attention']
    Lab 13: 335,185 params, blocks=['fourier', 'fourier', 'fourier', 'branch_trunk', 'attention', 'fourier']
    Lab 14: 564,577 params, blocks=['attention', 'fourier', 'residual_conv', 'fourier']
    Lab 15: 160,577 params, blocks=['fourier', 'fourier', 'wavelet']

  Phase 3: Peer Review...

  Phase 4: Composite Fitness...

================================================================================
  SWARM LEADERBOARD
================================================================================
  #1  Lab  1 (fno               ) | composite=0.5099 | trust=0.678 | [fourier+residual_conv+attention+fourier+residual_conv+fourier+fourier]
  #2  Lab  3 (fno_spawn         ) | composite=0.4567 | trust=0.467 | [fourier+fourier+branch_trunk+fourier]
  #3  Lab 13 (fno               ) | composite=0.4150 | trust=0.405 | [fourier+fourier+fourier+branch_trunk+attention+fourier]
  #4  Lab 14 (transformer       ) | composite=0.4065 | trust=0.421 | [attention+fourier+residual_conv+fourier]
  #5  Lab  5 (transformer       ) | composite=0.3961 | trust=0.390 | [wavelet+fourier+attention+attention]

  Global best: Lab 0 (fitness=0.5371)
  Best architecture: fourier+fourier+fourier+fourier | ch=96 | modes=12 | act=gelu
================================================================================


  ── Diversity Metrics ──
  Active paradigms: deeponet(1) fno(4) fno_spawn(3) fno_spawn_spawn(3) hybrid_fno_attn(1) hybrid_fno_attn_spawn(1) transformer(2) wavelet(1) 
  Block usage: fourier=57% attention=14% residual_conv=11% wavelet=11% branch_trunk=8% 
  Architectural diversity index: 0.4071 (0=homogeneous, 1=maximally diverse)
  Detected 2 rival camp(s):
    Camp 'fourier-dominant': Labs [0, 1, 3, 6, 9, 10, 11, 13, 15], avg composite=0.3536
    Camp 'hybrid-mixed': Labs [4, 5, 7, 14], avg composite=0.3709
  ✓ checkpoint saved (iteration 9/20)

────────────────────────────────────────────────────────────────────────────────
  ITERATION 10/20
────────────────────────────────────────────────────────────────────────────────
  Active labs: 16/16

  Phase 1: Planning...

  Phase 2: Building and Training...
    Lab 0: 157,741 params, blocks=['fourier', 'wavelet', 'residual_conv']
    Lab 1: 414,097 params, blocks=['fourier', 'residual_conv', 'attention', 'fourier', 'residual_conv', 'fourier', 'branch_trunk']
    Lab 2: 414,561 params, blocks=['fourier', 'attention', 'residual_conv', 'branch_trunk', 'branch_trunk']
    Lab 3: 465,329 params, blocks=['fourier', 'fourier', 'branch_trunk', 'fourier']
    Lab 4: 319,240 params, blocks=['fourier', 'fourier', 'wavelet', 'wavelet']
    Lab 5: 889,345 params, blocks=['wavelet', 'fourier', 'attention', 'attention']
    Lab 6: 472,033 params, blocks=['fourier', 'residual_conv', 'residual_conv', 'fourier', 'wavelet']
    Lab 7: 230,634 params, blocks=['residual_conv', 'fourier']
    Lab 8: 780,760 params, blocks=['residual_conv', 'fourier', 'fourier', 'residual_conv']
    Lab 9: 62,840 params, blocks=['fourier', 'fourier', 'branch_trunk', 'fourier', 'fourier']
    Lab 10: 357,267 params, blocks=['fourier', 'fourier', 'wavelet']
    Lab 11: 92,753 params, blocks=['branch_trunk', 'fourier']
    Lab 12: 383,803 params, blocks=['fourier', 'attention', 'attention', 'wavelet', 'attention']
    Lab 13: 290,193 params, blocks=['fourier', 'residual_conv', 'fourier', 'branch_trunk', 'attention', 'fourier']
    Lab 14: 768,993 params, blocks=['attention', 'fourier', 'attention', 'fourier']
    Lab 15: 111,425 params, blocks=['fourier', 'fourier', 'wavelet']

  Phase 3: Peer Review...

  Phase 4: Composite Fitness...
    ★ NEW GLOBAL BEST: Lab 13 (composite=0.5402)

================================================================================
  SWARM LEADERBOARD
================================================================================
  #1  Lab 13 (fno               ) | composite=0.5402 | trust=0.589 | [fourier+residual_conv+fourier+branch_trunk+attention+fourier]
  #2  Lab  7 (hybrid_fno_attn   ) | composite=0.3912 | trust=0.489 | [residual_conv+fourier]
  #3  Lab 15 (fno_spawn_spawn   ) | composite=0.3757 | trust=0.282 | [fourier+fourier+wavelet]
  #4  Lab 12 (fno               ) | composite=0.3631 | trust=0.480 | [fourier+attention+attention+wavelet+attention]
  #5  Lab  3 (fno_spawn         ) | composite=0.3472 | trust=0.439 | [fourier+fourier+branch_trunk+fourier]

  Global best: Lab 13 (fitness=0.5402)
  Best architecture: fourier+residual_conv+fourier+branch_trunk+attention+fourier | ch=64 | modes=16 | act=relu
================================================================================


  ── Diversity Metrics ──
  Active paradigms: deeponet(1) fno(4) fno_spawn(3) fno_spawn_spawn(3) hybrid_fno_attn(1) hybrid_fno_attn_spawn(1) transformer(2) wavelet(1) 
  Block usage: fourier=47% residual_conv=15% attention=15% wavelet=12% branch_trunk=11% 
  Architectural diversity index: 0.4103 (0=homogeneous, 1=maximally diverse)
  Detected 2 rival camp(s):
    Camp 'hybrid-mixed': Labs [0, 1, 2, 4, 5, 6, 7, 8, 11, 13, 14], avg composite=0.3171
    Camp 'fourier-dominant': Labs [3, 9, 10, 15], avg composite=0.3524
  ✓ checkpoint saved (iteration 10/20)

────────────────────────────────────────────────────────────────────────────────
  ITERATION 11/20
────────────────────────────────────────────────────────────────────────────────
  Active labs: 16/16

  Phase 1: Planning...

  Phase 2: Building and Training...
    Lab 0: 148,963 params, blocks=['fourier', 'residual_conv', 'residual_conv']
    Lab 1: 1,055,761 params, blocks=['fourier', 'residual_conv', 'attention', 'fourier', 'residual_conv', 'fourier', 'branch_trunk']
    Lab 2: 414,561 params, blocks=['fourier', 'attention', 'residual_conv', 'branch_trunk', 'branch_trunk']
    Lab 3: 346,142 params, blocks=['fourier', 'fourier', 'branch_trunk', 'fourier']
    Lab 4: 62,896 params, blocks=['fourier', 'fourier', 'wavelet', 'wavelet']
    Lab 5: 889,345 params, blocks=['wavelet', 'fourier', 'attention', 'attention']
    Lab 6: 370,369 params, blocks=['fourier', 'residual_conv', 'residual_conv', 'wavelet']
    Lab 7: 285,568 params, blocks=['branch_trunk', 'residual_conv', 'fourier']
    Lab 8: 780,760 params, blocks=['residual_conv', 'fourier', 'fourier', 'residual_conv']
    Lab 9: 19,377 params, blocks=['fourier', 'fourier', 'branch_trunk', 'fourier', 'fourier']
    Lab 10: 329,395 params, blocks=['fourier', 'fourier', 'fourier']
    Lab 11: 339,031 params, blocks=['branch_trunk', 'fourier']
    Lab 12: 455,146 params, blocks=['fourier', 'attention', 'attention', 'wavelet', 'attention']
    Lab 13: 547,900 params, blocks=['fourier', 'residual_conv', 'fourier', 'branch_trunk', 'fourier', 'fourier']
    Lab 14: 162,427 params, blocks=['residual_conv', 'fourier', 'attention', 'fourier']
    Lab 15: 193,899 params, blocks=['fourier', 'fourier', 'wavelet']

  Phase 3: Peer Review...

  Phase 4: Composite Fitness...
    Lab 9 respawned from Lab 5 (paradigm: transformer_spawn)

================================================================================
  SWARM LEADERBOARD
================================================================================
  #1  Lab  5 (transformer       ) | composite=0.5265 | trust=0.521 | [wavelet+fourier+attention+attention]
  #2  Lab  6 (wavelet           ) | composite=0.4988 | trust=0.495 | [fourier+residual_conv+residual_conv+wavelet]
  #3  Lab  7 (hybrid_fno_attn   ) | composite=0.4429 | trust=0.588 | [branch_trunk+residual_conv+fourier]
  #4  Lab 13 (fno               ) | composite=0.4288 | trust=0.612 | [fourier+residual_conv+fourier+branch_trunk+fourier+fourier]
  #5  Lab  8 (hybrid_fno_attn_spawn) | composite=0.4192 | trust=0.477 | [residual_conv+fourier+fourier+residual_conv]

  Global best: Lab 13 (fitness=0.5402)
  Best architecture: fourier+residual_conv+fourier+branch_trunk+attention+fourier | ch=64 | modes=16 | act=relu
================================================================================


  ── Diversity Metrics ──
  Active paradigms: deeponet(1) fno(4) fno_spawn(3) fno_spawn_spawn(2) hybrid_fno_attn(1) hybrid_fno_attn_spawn(1) transformer(2) transformer_spawn(1) wavelet(1) 
  Block usage: fourier=45% residual_conv=19% attention=14% branch_trunk=11% wavelet=11% 
  Architectural diversity index: 0.4045 (0=homogeneous, 1=maximally diverse)
  Detected 2 rival camp(s):
    Camp 'hybrid-mixed': Labs [1, 2, 4, 5, 6, 7, 8, 9, 11, 14], avg composite=0.3979
    Camp 'fourier-dominant': Labs [3, 10, 13, 15], avg composite=0.3040
  ✓ checkpoint saved (iteration 11/20)

────────────────────────────────────────────────────────────────────────────────
  ITERATION 12/20
────────────────────────────────────────────────────────────────────────────────
  Active labs: 16/16

  Phase 1: Planning...

  Phase 2: Building and Training...
    Lab 0: 113,851 params, blocks=['fourier', 'residual_conv', 'residual_conv']
    Lab 1: 1,450,513 params, blocks=['fourier', 'residual_conv', 'attention', 'fourier', 'residual_conv', 'fourier', 'branch_trunk']
    Lab 2: 379,921 params, blocks=['fourier', 'branch_trunk', 'residual_conv', 'branch_trunk', 'branch_trunk']
    Lab 3: 240,068 params, blocks=['fourier', 'fourier', 'branch_trunk']
    Lab 4: 216,256 params, blocks=['fourier', 'fourier', 'wavelet', 'wavelet']
    Lab 5: 342,901 params, blocks=['wavelet', 'fourier', 'attention', 'attention']
    Lab 6: 472,033 params, blocks=['fourier', 'residual_conv', 'fourier', 'residual_conv', 'wavelet']
    Lab 7: 7,585 params, blocks=['branch_trunk', 'residual_conv', 'fourier']
    Lab 8: 508,417 params, blocks=['residual_conv', 'fourier', 'fourier', 'residual_conv']
    Lab 9: 559,489 params, blocks=['wavelet', 'fourier', 'attention']
    Lab 10: 329,395 params, blocks=['fourier', 'fourier', 'fourier']
    Lab 11: 339,031 params, blocks=['branch_trunk', 'fourier']
    Lab 12: 77,650 params, blocks=['fourier', 'attention', 'attention', 'wavelet', 'attention']
    Lab 13: 658,220 params, blocks=['fourier', 'residual_conv', 'fourier', 'branch_trunk', 'fourier', 'fourier']
    Lab 14: 209,219 params, blocks=['residual_conv', 'fourier', 'attention', 'fourier']
    Lab 15: 193,899 params, blocks=['fourier', 'fourier', 'wavelet']

  Phase 3: Peer Review...

  Phase 4: Composite Fitness...
    Lab 9 respawned from Lab 11 (paradigm: fno_spawn_spawn)

================================================================================
  SWARM LEADERBOARD
================================================================================
  #1  Lab 10 (fno_spawn         ) | composite=0.4941 | trust=0.544 | [fourier+fourier+fourier]
  #2  Lab 11 (fno_spawn         ) | composite=0.4843 | trust=0.560 | [branch_trunk+fourier]
  #3  Lab  6 (wavelet           ) | composite=0.4231 | trust=0.535 | [fourier+residual_conv+fourier+residual_conv+wavelet]
  #4  Lab  0 (fno               ) | composite=0.4108 | trust=0.416 | [fourier+residual_conv+residual_conv]
  #5  Lab 13 (fno               ) | composite=0.4049 | trust=0.610 | [fourier+residual_conv+fourier+branch_trunk+fourier+fourier]

  Global best: Lab 13 (fitness=0.5402)
  Best architecture: fourier+residual_conv+fourier+branch_trunk+attention+fourier | ch=64 | modes=16 | act=relu
================================================================================


  ── Diversity Metrics ──
  Active paradigms: deeponet(1) fno(4) fno_spawn(3) fno_spawn_spawn(3) hybrid_fno_attn(1) hybrid_fno_attn_spawn(1) transformer(2) wavelet(1) 
  Block usage: fourier=48% residual_conv=19% branch_trunk=13% attention=11% wavelet=10% 
  Architectural diversity index: 0.4041 (0=homogeneous, 1=maximally diverse)
  Detected 2 rival camp(s):
    Camp 'hybrid-mixed': Labs [1, 4, 5, 6, 7, 8, 11, 14], avg composite=0.3405
    Camp 'fourier-dominant': Labs [3, 9, 10, 13, 15], avg composite=0.3707
  ✓ checkpoint saved (iteration 12/20)

────────────────────────────────────────────────────────────────────────────────
  ITERATION 13/20
────────────────────────────────────────────────────────────────────────────────
  Active labs: 16/16

  Phase 1: Planning...

  Phase 2: Building and Training...
    Lab 0: 148,963 params, blocks=['fourier', 'residual_conv', 'residual_conv']
    Lab 1: 701,089 params, blocks=['fourier', 'residual_conv', 'attention', 'fourier', 'residual_conv', 'fourier', 'branch_trunk']
    Lab 2: 150,483 params, blocks=['fourier', 'branch_trunk', 'residual_conv', 'attention', 'branch_trunk']
    Lab 3: 95,973 params, blocks=['branch_trunk', 'fourier', 'branch_trunk']
    Lab 4: 461,416 params, blocks=['fourier', 'fourier', 'wavelet', 'wavelet']
    Lab 5: 240,587 params, blocks=['wavelet', 'branch_trunk', 'attention', 'attention']
    Lab 6: 582,625 params, blocks=['fourier', 'residual_conv', 'fourier', 'residual_conv', 'wavelet']
    Lab 7: 17,129 params, blocks=['branch_trunk', 'residual_conv', 'fourier']
    Lab 8: 299,057 params, blocks=['residual_conv', 'branch_trunk', 'fourier', 'residual_conv']
    Lab 9: 20,816 params, blocks=['fourier', 'fourier']
    Lab 10: 274,717 params, blocks=['fourier', 'fourier', 'residual_conv']
    Lab 11: 339,031 params, blocks=['branch_trunk', 'fourier']
    Lab 12: 157,123 params, blocks=['fourier', 'attention', 'attention', 'wavelet', 'attention']
    Lab 13: 87,500 params, blocks=['fourier', 'residual_conv', 'fourier', 'branch_trunk', 'fourier', 'fourier']
    Lab 14: 531,061 params, blocks=['attention', 'fourier', 'attention', 'fourier']
    Lab 15: 157,719 params, blocks=['fourier', 'fourier', 'wavelet']

  Phase 3: Peer Review...

  Phase 4: Composite Fitness...

================================================================================
  SWARM LEADERBOARD
================================================================================
  #1  Lab  9 (fno_spawn_spawn   ) | composite=0.5271 | trust=0.432 | [fourier+fourier]
  #2  Lab 15 (fno_spawn_spawn   ) | composite=0.4342 | trust=0.465 | [fourier+fourier+wavelet]
  #3  Lab  4 (fno_spawn_spawn   ) | composite=0.4322 | trust=0.485 | [fourier+fourier+wavelet+wavelet]
  #4  Lab 12 (fno               ) | composite=0.3692 | trust=0.447 | [fourier+attention+attention+wavelet+attention]
  #5  Lab 13 (fno               ) | composite=0.3627 | trust=0.551 | [fourier+residual_conv+fourier+branch_trunk+fourier+fourier]

  Global best: Lab 13 (fitness=0.5402)
  Best architecture: fourier+residual_conv+fourier+branch_trunk+attention+fourier | ch=64 | modes=16 | act=relu
================================================================================


  ── Diversity Metrics ──
  Active paradigms: deeponet(1) fno(4) fno_spawn(3) fno_spawn_spawn(3) hybrid_fno_attn(1) hybrid_fno_attn_spawn(1) transformer(2) wavelet(1) 
  Block usage: fourier=41% residual_conv=19% branch_trunk=16% attention=14% wavelet=10% 
  Architectural diversity index: 0.3839 (0=homogeneous, 1=maximally diverse)
  Detected 2 rival camp(s):
    Camp 'hybrid-mixed': Labs [1, 2, 4, 5, 6, 7, 8, 11, 14], avg composite=0.2902
    Camp 'fourier-dominant': Labs [9, 10, 13, 15], avg composite=0.3935
  ✓ checkpoint saved (iteration 13/20)

────────────────────────────────────────────────────────────────────────────────
  ITERATION 14/20
────────────────────────────────────────────────────────────────────────────────
  Active labs: 16/16

  Phase 1: Planning...

  Phase 2: Building and Training...
    Lab 0: 143,704 params, blocks=['fourier', 'residual_conv', 'residual_conv']
    Lab 1: 18,833 params, blocks=['fourier', 'residual_conv', 'attention', 'fourier', 'residual_conv', 'fourier', 'branch_trunk']
    Lab 2: 124,473 params, blocks=['fourier', 'branch_trunk', 'residual_conv', 'attention', 'branch_trunk']
    Lab 3: 177,768 params, blocks=['branch_trunk', 'fourier', 'fourier']
    Lab 4: 380,381 params, blocks=['wavelet', 'fourier', 'wavelet', 'wavelet']
    Lab 5: 224,297 params, blocks=['residual_conv', 'branch_trunk', 'attention', 'attention']
    Lab 6: 259,393 params, blocks=['fourier', 'residual_conv', 'fourier', 'residual_conv', 'wavelet']
    Lab 7: 85,073 params, blocks=['branch_trunk', 'wavelet', 'residual_conv', 'fourier']
    Lab 8: 119,084 params, blocks=['residual_conv', 'branch_trunk', 'residual_conv', 'residual_conv']
    Lab 9: 20,816 params, blocks=['fourier', 'fourier']
    Lab 10: 289,133 params, blocks=['fourier', 'fourier', 'residual_conv']
    Lab 11: 364,937 params, blocks=['branch_trunk', 'fourier']
    Lab 12: 418,993 params, blocks=['fourier', 'fourier', 'attention', 'wavelet', 'attention']
    Lab 13: 326,417 params, blocks=['fourier', 'residual_conv', 'fourier', 'branch_trunk', 'fourier', 'fourier']
    Lab 14: 375,883 params, blocks=['attention', 'fourier', 'fourier', 'fourier']
    Lab 15: 157,920 params, blocks=['fourier', 'wavelet', 'fourier', 'wavelet']

  Phase 3: Peer Review...

  Phase 4: Composite Fitness...
    Lab 5 respawned from Lab 3 (paradigm: fno_spawn_spawn)

================================================================================
  SWARM LEADERBOARD
================================================================================
  #1  Lab  9 (fno_spawn_spawn   ) | composite=0.5225 | trust=0.604 | [fourier+fourier]
  #2  Lab  3 (fno_spawn         ) | composite=0.4159 | trust=0.476 | [branch_trunk+fourier+fourier]
  #3  Lab 15 (fno_spawn_spawn   ) | composite=0.4072 | trust=0.504 | [fourier+wavelet+fourier+wavelet]
  #4  Lab 10 (fno_spawn         ) | composite=0.3646 | trust=0.463 | [fourier+fourier+residual_conv]
  #5  Lab  2 (deeponet          ) | composite=0.3522 | trust=0.334 | [fourier+branch_trunk+residual_conv+attention+branch_trunk]

  Global best: Lab 13 (fitness=0.5402)
  Best architecture: fourier+residual_conv+fourier+branch_trunk+attention+fourier | ch=64 | modes=16 | act=relu
================================================================================


  ── Diversity Metrics ──
  Active paradigms: deeponet(1) fno(4) fno_spawn(3) fno_spawn_spawn(4) hybrid_fno_attn(1) hybrid_fno_attn_spawn(1) transformer(1) wavelet(1) 
  Block usage: fourier=46% residual_conv=20% branch_trunk=14% wavelet=12% attention=8% 
  Architectural diversity index: 0.3900 (0=homogeneous, 1=maximally diverse)
  Detected 3 rival camp(s):
    Camp 'residual_conv-dominant': Labs [0, 8], avg composite=0.2414
    Camp 'hybrid-mixed': Labs [1, 2, 6, 7, 11, 12, 15], avg composite=0.3103
    Camp 'fourier-dominant': Labs [3, 5, 9, 10, 13, 14], avg composite=0.3457
  ✓ checkpoint saved (iteration 14/20)

────────────────────────────────────────────────────────────────────────────────
  ITERATION 15/20
────────────────────────────────────────────────────────────────────────────────
  Active labs: 16/16

  Phase 1: Planning...

  Phase 2: Building and Training...
    Lab 0: 143,704 params, blocks=['fourier', 'residual_conv', 'residual_conv']
    Lab 1: 237,439 params, blocks=['fourier', 'residual_conv', 'attention', 'fourier', 'residual_conv', 'fourier', 'fourier']
    Lab 2: 391,886 params, blocks=['fourier', 'branch_trunk', 'residual_conv', 'fourier', 'branch_trunk']
    Lab 3: 326,616 params, blocks=['branch_trunk', 'fourier', 'fourier']
    Lab 4: 172,225 params, blocks=['wavelet', 'wavelet', 'wavelet', 'wavelet']
    Lab 5: 548,273 params, blocks=['fourier', 'fourier', 'branch_trunk', 'fourier']
    Lab 6: 582,625 params, blocks=['fourier', 'residual_conv', 'fourier', 'residual_conv', 'wavelet']
    Lab 7: 44,497 params, blocks=['branch_trunk', 'wavelet', 'residual_conv', 'residual_conv', 'fourier']
    Lab 8: 243,865 params, blocks=['fourier', 'branch_trunk', 'residual_conv', 'residual_conv']
    Lab 9: 90,241 params, blocks=['fourier', 'fourier']
    Lab 10: 240,925 params, blocks=['fourier', 'fourier', 'fourier']
    Lab 11: 418,801 params, blocks=['wavelet', 'fourier']
    Lab 12: 418,993 params, blocks=['fourier', 'fourier', 'attention', 'wavelet', 'attention']
    Lab 13: 42,820 params, blocks=['fourier', 'residual_conv', 'fourier', 'branch_trunk', 'fourier', 'fourier']
    Lab 14: 166,633 params, blocks=['attention', 'branch_trunk', 'fourier', 'fourier']
    Lab 15: 190,504 params, blocks=['fourier', 'wavelet', 'fourier', 'wavelet']

  Phase 3: Peer Review...

  Phase 4: Composite Fitness...

================================================================================
  SWARM LEADERBOARD
================================================================================
  #1  Lab 11 (fno_spawn         ) | composite=0.4870 | trust=0.652 | [wavelet+fourier]
  #2  Lab  3 (fno_spawn         ) | composite=0.4618 | trust=0.602 | [branch_trunk+fourier+fourier]
  #3  Lab 15 (fno_spawn_spawn   ) | composite=0.4454 | trust=0.583 | [fourier+wavelet+fourier+wavelet]
  #4  Lab  9 (fno_spawn_spawn   ) | composite=0.3670 | trust=0.565 | [fourier+fourier]
  #5  Lab  1 (fno               ) | composite=0.3580 | trust=0.376 | [fourier+residual_conv+attention+fourier+residual_conv+fourier+fourier]

  Global best: Lab 13 (fitness=0.5402)
  Best architecture: fourier+residual_conv+fourier+branch_trunk+attention+fourier | ch=64 | modes=16 | act=relu
================================================================================


  ── Diversity Metrics ──
  Active paradigms: deeponet(1) fno(4) fno_spawn(3) fno_spawn_spawn(4) hybrid_fno_attn(1) hybrid_fno_attn_spawn(1) transformer(1) wavelet(1) 
  Block usage: fourier=48% residual_conv=18% wavelet=15% branch_trunk=12% attention=6% 
  Architectural diversity index: 0.3738 (0=homogeneous, 1=maximally diverse)
  Detected 2 rival camp(s):
    Camp 'fourier-dominant': Labs [1, 3, 5, 9, 10, 13], avg composite=0.3485
    Camp 'hybrid-mixed': Labs [2, 6, 7, 8, 11, 12, 14, 15], avg composite=0.3403
  ✓ checkpoint saved (iteration 15/20)

────────────────────────────────────────────────────────────────────────────────
  ITERATION 16/20
────────────────────────────────────────────────────────────────────────────────
  Active labs: 16/16

  Phase 1: Planning...

  Phase 2: Building and Training...
    Lab 0: 141,191 params, blocks=['fourier', 'residual_conv', 'branch_trunk']
    Lab 1: 861,699 params, blocks=['fourier', 'residual_conv', 'attention', 'fourier', 'residual_conv', 'fourier', 'fourier']
    Lab 2: 857,505 params, blocks=['fourier', 'branch_trunk', 'residual_conv', 'fourier', 'branch_trunk']
    Lab 3: 162,321 params, blocks=['branch_trunk', 'fourier', 'fourier']
    Lab 4: 111,941 params, blocks=['wavelet', 'wavelet', 'wavelet', 'wavelet']
    Lab 5: 37,070 params, blocks=['fourier', 'fourier', 'branch_trunk', 'fourier']
    Lab 6: 647,041 params, blocks=['fourier', 'fourier', 'fourier', 'residual_conv', 'wavelet']
    Lab 7: 164,317 params, blocks=['branch_trunk', 'wavelet', 'residual_conv', 'residual_conv', 'fourier']
    Lab 8: 215,377 params, blocks=['fourier', 'branch_trunk', 'attention', 'residual_conv']
    Lab 9: 113,473 params, blocks=['residual_conv', 'fourier', 'fourier']
    Lab 10: 240,925 params, blocks=['fourier', 'fourier', 'fourier']
    Lab 11: 123,176 params, blocks=['wavelet', 'fourier']
    Lab 12: 174,131 params, blocks=['fourier', 'fourier', 'attention', 'wavelet', 'attention']
    Lab 13: 33,804 params, blocks=['residual_conv', 'fourier', 'branch_trunk', 'fourier', 'fourier']
    Lab 14: 240,709 params, blocks=['attention', 'branch_trunk', 'fourier', 'fourier']
    Lab 15: 101,200 params, blocks=['fourier', 'wavelet', 'fourier', 'wavelet']

  Phase 3: Peer Review...

  Phase 4: Composite Fitness...

================================================================================
  SWARM LEADERBOARD
================================================================================
  #1  Lab 10 (fno_spawn         ) | composite=0.5143 | trust=0.583 | [fourier+fourier+fourier]
  #2  Lab  6 (wavelet           ) | composite=0.5095 | trust=0.510 | [fourier+fourier+fourier+residual_conv+wavelet]
  #3  Lab  1 (fno               ) | composite=0.5049 | trust=0.545 | [fourier+residual_conv+attention+fourier+residual_conv+fourier+fourier]
  #4  Lab  5 (fno_spawn_spawn   ) | composite=0.5035 | trust=0.478 | [fourier+fourier+branch_trunk+fourier]
  #5  Lab 13 (fno               ) | composite=0.4764 | trust=0.557 | [residual_conv+fourier+branch_trunk+fourier+fourier]

  Global best: Lab 13 (fitness=0.5402)
  Best architecture: fourier+residual_conv+fourier+branch_trunk+attention+fourier | ch=64 | modes=16 | act=relu
================================================================================


  ── Diversity Metrics ──
  Active paradigms: deeponet(1) fno(4) fno_spawn(3) fno_spawn_spawn(4) hybrid_fno_attn(1) hybrid_fno_attn_spawn(1) transformer(1) wavelet(1) 
  Block usage: fourier=48% residual_conv=15% wavelet=15% branch_trunk=14% attention=8% 
  Architectural diversity index: 0.3658 (0=homogeneous, 1=maximally diverse)
  Detected 2 rival camp(s):
    Camp 'hybrid-mixed': Labs [0, 2, 7, 8, 11, 12, 14, 15], avg composite=0.3523
    Camp 'fourier-dominant': Labs [1, 3, 5, 6, 9, 10, 13], avg composite=0.4788
  ✓ checkpoint saved (iteration 16/20)

────────────────────────────────────────────────────────────────────────────────
  ITERATION 17/20
────────────────────────────────────────────────────────────────────────────────
  Active labs: 16/16

  Phase 1: Planning...

  Phase 2: Building and Training...
    Lab 0: 198,941 params, blocks=['fourier', 'fourier', 'branch_trunk']
    Lab 1: 647,191 params, blocks=['fourier', 'residual_conv', 'attention', 'fourier', 'residual_conv', 'fourier', 'fourier']
    Lab 2: 192,819 params, blocks=['fourier', 'branch_trunk', 'fourier', 'fourier', 'branch_trunk']
    Lab 3: 162,321 params, blocks=['branch_trunk', 'fourier', 'fourier']
    Lab 4: 90,481 params, blocks=['wavelet', 'wavelet', 'attention', 'wavelet']
    Lab 5: 526,699 params, blocks=['fourier', 'attention', 'branch_trunk', 'fourier']
    Lab 6: 498,817 params, blocks=['fourier', 'fourier', 'fourier', 'residual_conv', 'wavelet']
    Lab 7: 181,817 params, blocks=['branch_trunk', 'wavelet', 'branch_trunk', 'residual_conv', 'residual_conv', 'fourier']
    Lab 8: 227,303 params, blocks=['fourier', 'branch_trunk', 'attention', 'residual_conv']
    Lab 9: 67,526 params, blocks=['residual_conv', 'fourier', 'fourier']
    Lab 10: 120,145 params, blocks=['fourier', 'fourier', 'fourier']
    Lab 11: 17,751 params, blocks=['wavelet', 'fourier']
    Lab 12: 105,379 params, blocks=['fourier', 'fourier', 'attention', 'wavelet', 'attention']
    Lab 13: 311,172 params, blocks=['fourier', 'fourier', 'branch_trunk', 'fourier', 'fourier']
    Lab 14: 300,477 params, blocks=['attention', 'branch_trunk', 'fourier', 'fourier']
    Lab 15: 203,176 params, blocks=['fourier', 'wavelet', 'fourier', 'wavelet']

  Phase 3: Peer Review...

  Phase 4: Composite Fitness...

================================================================================
  SWARM LEADERBOARD
================================================================================
  #1  Lab 11 (fno_spawn         ) | composite=0.4565 | trust=0.798 | [wavelet+fourier]
  #2  Lab 10 (fno_spawn         ) | composite=0.3996 | trust=0.605 | [fourier+fourier+fourier]
  #3  Lab  2 (deeponet          ) | composite=0.3866 | trust=0.446 | [fourier+branch_trunk+fourier+fourier+branch_trunk]
  #4  Lab 13 (fno               ) | composite=0.3730 | trust=0.550 | [fourier+fourier+branch_trunk+fourier+fourier]
  #5  Lab  5 (fno_spawn_spawn   ) | composite=0.3726 | trust=0.482 | [fourier+attention+branch_trunk+fourier]

  Global best: Lab 13 (fitness=0.5402)
  Best architecture: fourier+residual_conv+fourier+branch_trunk+attention+fourier | ch=64 | modes=16 | act=relu
================================================================================


  ── Diversity Metrics ──
  Active paradigms: deeponet(1) fno(4) fno_spawn(3) fno_spawn_spawn(4) hybrid_fno_attn(1) hybrid_fno_attn_spawn(1) transformer(1) wavelet(1) 
  Block usage: fourier=51% branch_trunk=15% wavelet=13% residual_conv=10% attention=10% 
  Architectural diversity index: 0.3660 (0=homogeneous, 1=maximally diverse)
  Detected 2 rival camp(s):
    Camp 'fourier-dominant': Labs [0, 1, 2, 3, 6, 9, 10, 13], avg composite=0.3404
    Camp 'hybrid-mixed': Labs [5, 7, 8, 11, 12, 14, 15], avg composite=0.3390
  ✓ checkpoint saved (iteration 17/20)

────────────────────────────────────────────────────────────────────────────────
  ITERATION 18/20
────────────────────────────────────────────────────────────────────────────────
  Active labs: 16/16

  Phase 1: Planning...

  Phase 2: Building and Training...
    Lab 0: 183,345 params, blocks=['fourier', 'fourier', 'branch_trunk']
    Lab 1: 163,991 params, blocks=['fourier', 'residual_conv', 'attention', 'fourier', 'residual_conv', 'fourier', 'fourier']
    Lab 2: 194,665 params, blocks=['fourier', 'fourier', 'fourier', 'fourier', 'branch_trunk']
    Lab 3: 443,768 params, blocks=['branch_trunk', 'fourier', 'fourier']
    Lab 4: 114,713 params, blocks=['fourier', 'wavelet', 'attention', 'wavelet']
    Lab 5: 526,699 params, blocks=['fourier', 'attention', 'branch_trunk', 'fourier']
    Lab 6: 257,944 params, blocks=['fourier', 'fourier', 'fourier', 'residual_conv', 'wavelet']
    Lab 7: 353,425 params, blocks=['branch_trunk', 'wavelet', 'fourier', 'residual_conv', 'attention', 'fourier']
    Lab 8: 238,559 params, blocks=['fourier', 'residual_conv', 'attention', 'branch_trunk']
    Lab 9: 70,301 params, blocks=['wavelet', 'fourier', 'fourier']
    Lab 10: 99,505 params, blocks=['fourier', 'wavelet', 'fourier']
    Lab 11: 152,326 params, blocks=['fourier', 'fourier']
    Lab 12: 325,053 params, blocks=['fourier', 'fourier', 'fourier', 'wavelet', 'attention']
    Lab 13: 76,113 params, blocks=['fourier', 'fourier', 'branch_trunk', 'fourier', 'fourier']
    Lab 14: 374,887 params, blocks=['attention', 'branch_trunk', 'fourier', 'fourier']
    Lab 15: 837,121 params, blocks=['fourier', 'wavelet', 'fourier', 'wavelet']

  Phase 3: Peer Review...

  Phase 4: Composite Fitness...

================================================================================
  SWARM LEADERBOARD
================================================================================
  #1  Lab 10 (fno_spawn         ) | composite=0.5042 | trust=0.724 | [fourier+wavelet+fourier]
  #2  Lab  2 (deeponet          ) | composite=0.4914 | trust=0.567 | [fourier+fourier+fourier+fourier+branch_trunk]
  #3  Lab  4 (fno_spawn_spawn   ) | composite=0.4609 | trust=0.465 | [fourier+wavelet+attention+wavelet]
  #4  Lab 15 (fno_spawn_spawn   ) | composite=0.4382 | trust=0.538 | [fourier+wavelet+fourier+wavelet]
  #5  Lab 13 (fno               ) | composite=0.4128 | trust=0.586 | [fourier+fourier+branch_trunk+fourier+fourier]

  Global best: Lab 13 (fitness=0.5402)
  Best architecture: fourier+residual_conv+fourier+branch_trunk+attention+fourier | ch=64 | modes=16 | act=relu
================================================================================


  ── Diversity Metrics ──
  Active paradigms: deeponet(1) fno(4) fno_spawn(3) fno_spawn_spawn(4) hybrid_fno_attn(1) hybrid_fno_attn_spawn(1) transformer(1) wavelet(1) 
  Block usage: fourier=57% wavelet=13% branch_trunk=12% attention=10% residual_conv=7% 
  Architectural diversity index: 0.3667 (0=homogeneous, 1=maximally diverse)
  Detected 2 rival camp(s):
    Camp 'fourier-dominant': Labs [0, 1, 2, 3, 6, 9, 10, 11, 12, 13], avg composite=0.3612
    Camp 'hybrid-mixed': Labs [4, 5, 7, 8, 14, 15], avg composite=0.3557
  ✓ checkpoint saved (iteration 18/20)

────────────────────────────────────────────────────────────────────────────────
  ITERATION 19/20
────────────────────────────────────────────────────────────────────────────────
  Active labs: 16/16

  Phase 1: Planning...

  Phase 2: Building and Training...
    Lab 0: 160,361 params, blocks=['fourier', 'wavelet', 'branch_trunk']
    Lab 1: 189,935 params, blocks=['fourier', 'residual_conv', 'attention', 'fourier', 'residual_conv', 'fourier', 'fourier']
    Lab 2: 514,502 params, blocks=['fourier', 'fourier', 'fourier', 'residual_conv', 'branch_trunk']
    Lab 3: 194,705 params, blocks=['branch_trunk', 'fourier', 'fourier']
    Lab 4: 173,441 params, blocks=['fourier', 'wavelet', 'attention', 'wavelet']
    Lab 5: 526,699 params, blocks=['fourier', 'attention', 'branch_trunk', 'fourier']
    Lab 6: 199,126 params, blocks=['fourier', 'fourier', 'fourier', 'residual_conv', 'wavelet']
    Lab 7: 305,341 params, blocks=['branch_trunk', 'wavelet', 'fourier', 'residual_conv', 'attention', 'fourier']
    Lab 8: 244,452 params, blocks=['fourier', 'fourier', 'branch_trunk']
    Lab 9: 92,833 params, blocks=['wavelet', 'fourier', 'residual_conv']
    Lab 10: 217,622 params, blocks=['branch_trunk', 'wavelet', 'fourier']
    Lab 11: 152,326 params, blocks=['fourier', 'fourier']
    Lab 12: 458,745 params, blocks=['fourier', 'fourier', 'fourier', 'wavelet', 'attention']
    Lab 13: 840,288 params, blocks=['fourier', 'fourier', 'branch_trunk', 'fourier', 'fourier']
    Lab 14: 776,849 params, blocks=['attention', 'branch_trunk', 'fourier', 'fourier', 'residual_conv']
    Lab 15: 108,469 params, blocks=['fourier', 'wavelet', 'fourier', 'wavelet']

  Phase 3: Peer Review...

  Phase 4: Composite Fitness...

================================================================================
  SWARM LEADERBOARD
================================================================================
  #1  Lab 13 (fno               ) | composite=0.5122 | trust=0.711 | [fourier+fourier+branch_trunk+fourier+fourier]
  #2  Lab  6 (wavelet           ) | composite=0.5042 | trust=0.649 | [fourier+fourier+fourier+residual_conv+wavelet]
  #3  Lab  8 (hybrid_fno_attn_spawn) | composite=0.4458 | trust=0.452 | [fourier+fourier+branch_trunk]
  #4  Lab  4 (fno_spawn_spawn   ) | composite=0.4253 | trust=0.558 | [fourier+wavelet+attention+wavelet]
  #5  Lab  0 (fno               ) | composite=0.4178 | trust=0.494 | [fourier+wavelet+branch_trunk]

  Global best: Lab 13 (fitness=0.5402)
  Best architecture: fourier+residual_conv+fourier+branch_trunk+attention+fourier | ch=64 | modes=16 | act=relu
================================================================================


  ── Diversity Metrics ──
  Active paradigms: deeponet(1) fno(4) fno_spawn(3) fno_spawn_spawn(4) hybrid_fno_attn(1) hybrid_fno_attn_spawn(1) transformer(1) wavelet(1) 
  Block usage: fourier=52% wavelet=15% branch_trunk=13% residual_conv=10% attention=9% 
  Architectural diversity index: 0.3588 (0=homogeneous, 1=maximally diverse)
  Detected 2 rival camp(s):
    Camp 'hybrid-mixed': Labs [0, 4, 5, 7, 9, 10, 14, 15], avg composite=0.3666
    Camp 'fourier-dominant': Labs [1, 2, 3, 6, 8, 11, 12, 13], avg composite=0.3856
  ✓ checkpoint saved (iteration 19/20)

────────────────────────────────────────────────────────────────────────────────
  ITERATION 20/20
────────────────────────────────────────────────────────────────────────────────
  Active labs: 16/16

  Phase 1: Planning...

  Phase 2: Building and Training...
    Lab 0: 155,513 params, blocks=['fourier', 'wavelet', 'branch_trunk']
    Lab 1: 182,201 params, blocks=['fourier', 'residual_conv', 'attention', 'fourier', 'residual_conv', 'fourier', 'fourier']
    Lab 2: 743,825 params, blocks=['fourier', 'fourier', 'fourier', 'residual_conv', 'branch_trunk']
    Lab 3: 34,438 params, blocks=['branch_trunk', 'fourier', 'branch_trunk']
    Lab 4: 335,584 params, blocks=['fourier', 'wavelet', 'fourier', 'wavelet']
    Lab 5: 973,969 params, blocks=['fourier', 'attention', 'branch_trunk', 'fourier']
    Lab 6: 199,126 params, blocks=['fourier', 'fourier', 'fourier', 'residual_conv', 'wavelet']
    Lab 7: 329,481 params, blocks=['branch_trunk', 'fourier', 'fourier', 'branch_trunk', 'attention', 'fourier']
    Lab 8: 193,920 params, blocks=['fourier', 'fourier', 'fourier']
    Lab 9: 92,833 params, blocks=['wavelet', 'fourier', 'residual_conv']
    Lab 10: 20,721 params, blocks=['branch_trunk', 'fourier']
    Lab 11: 227,836 params, blocks=['fourier', 'fourier']
    Lab 12: 357,495 params, blocks=['fourier', 'fourier', 'fourier', 'wavelet', 'attention']
    Lab 13: 611,609 params, blocks=['fourier', 'fourier', 'attention', 'fourier', 'fourier']
    Lab 14: 102,113 params, blocks=['attention', 'branch_trunk', 'fourier', 'attention', 'residual_conv']
    Lab 15: 13,249 params, blocks=['fourier', 'wavelet', 'fourier', 'wavelet']

  Phase 3: Peer Review...

  Phase 4: Composite Fitness...

================================================================================
  SWARM LEADERBOARD
================================================================================
  #1  Lab  2 (deeponet          ) | composite=0.5020 | trust=0.671 | [fourier+fourier+fourier+residual_conv+branch_trunk]
  #2  Lab  5 (fno_spawn_spawn   ) | composite=0.4889 | trust=0.492 | [fourier+attention+branch_trunk+fourier]
  #3  Lab  1 (fno               ) | composite=0.4845 | trust=0.590 | [fourier+residual_conv+attention+fourier+residual_conv+fourier+fourier]
  #4  Lab  7 (hybrid_fno_attn   ) | composite=0.4767 | trust=0.537 | [branch_trunk+fourier+fourier+branch_trunk+attention+fourier]
  #5  Lab  3 (fno_spawn         ) | composite=0.4678 | trust=0.567 | [branch_trunk+fourier+branch_trunk]

  Global best: Lab 13 (fitness=0.5402)
  Best architecture: fourier+residual_conv+fourier+branch_trunk+attention+fourier | ch=64 | modes=16 | act=relu
================================================================================


  ── Diversity Metrics ──
  Active paradigms: deeponet(1) fno(4) fno_spawn(3) fno_spawn_spawn(4) hybrid_fno_attn(1) hybrid_fno_attn_spawn(1) transformer(1) wavelet(1) 
  Block usage: fourier=55% branch_trunk=14% wavelet=12% attention=11% residual_conv=9% 
  Architectural diversity index: 0.3739 (0=homogeneous, 1=maximally diverse)
  Detected 2 rival camp(s):
    Camp 'hybrid-mixed': Labs [0, 4, 5, 7, 9, 10, 14, 15], avg composite=0.3762
    Camp 'fourier-dominant': Labs [1, 2, 6, 8, 11, 12, 13], avg composite=0.3629
  ✓ checkpoint saved (iteration 20/20)

================================================================================
  FINAL REPORT: AI SCIENTIFIC COMMUNITY RESULTS
================================================================================

  ★ GLOBAL BEST ARCHITECTURE ★
  Discovered by: Lab 13
  Composite fitness: 0.5402
  Block sequence: fourier → residual_conv → fourier → branch_trunk → attention → fourier
  Hidden channels: 64
  Fourier modes: 16
  Activation: relu
  Gating: False | Skip: False | Dropout: 0.1
  LR: 0.002 | WD: 0.0

  ── Architecture Classification ──
  Type: HYBRID
  Components: fourier(50%), residual_conv(17%), branch_trunk(17%), attention(17%)
  Notable: Spectral-Attention hybrid
  Notable: Spectral-DeepONet hybrid
  Notable: Transformer-DeepONet hybrid

  ── All Labs Final State ──
  [ACTIVE] Lab 2 (deeponet): [fourier+fourier+fourier+residual_conv+branch_trunk] ch=128 modes=5 | acc=0.2669, gen=0.2692, eff=0.9246, nov=1.0000, comp=0.5020 | trust=0.671
  [ACTIVE] Lab 5 (fno_spawn_spawn): [fourier+attention+branch_trunk+fourier] ch=128 modes=16 | acc=0.2725, gen=0.2694, eff=0.9017, nov=0.7713, comp=0.4889 | trust=0.492
  [ACTIVE] Lab 1 (fno): [fourier+residual_conv+attention+fourier+residual_conv+fourier+fourier] ch=40 modes=16 | acc=0.1985, gen=0.2003, eff=0.9802, nov=0.7117, comp=0.4845 | trust=0.590
  [ACTIVE] Lab 7 (hybrid_fno_attn): [branch_trunk+fourier+fourier+branch_trunk+attention+fourier] ch=74 modes=13 | acc=0.2609, gen=0.2455, eff=0.9660, nov=0.6064, comp=0.4767 | trust=0.537
  [ACTIVE] Lab 3 (fno_spawn): [branch_trunk+fourier+branch_trunk] ch=35 modes=16 | acc=0.1950, gen=0.1886, eff=0.9960, nov=0.6278, comp=0.4678 | trust=0.567
  [ACTIVE] Lab 14 (transformer): [attention+branch_trunk+fourier+attention+residual_conv] ch=48 modes=15 | acc=0.2347, gen=0.2298, eff=0.9889, nov=0.5566, comp=0.4472 | trust=0.555
  [ACTIVE] Lab 13 (fno): [fourier+fourier+attention+fourier+fourier] ch=89 modes=16 | acc=0.2558, gen=0.2506, eff=0.9380, nov=0.6105, comp=0.4024 | trust=0.685
  [ACTIVE] Lab 15 (fno_spawn_spawn): [fourier+wavelet+fourier+wavelet] ch=16 modes=16 | acc=0.1179, gen=0.1156, eff=0.9980, nov=0.6927, comp=0.3854 | trust=0.669
  [ACTIVE] Lab 4 (fno_spawn_spawn): [fourier+wavelet+fourier+wavelet] ch=81 modes=16 | acc=0.2648, gen=0.2625, eff=0.9656, nov=0.5492, comp=0.3471 | trust=0.518
  [ACTIVE] Lab 9 (fno_spawn_spawn): [wavelet+fourier+residual_conv] ch=48 modes=16 | acc=0.2329, gen=0.2216, eff=0.9901, nov=0.6689, comp=0.3274 | trust=0.495
  [ACTIVE] Lab 11 (fno_spawn): [fourier+fourier] ch=83 modes=15 | acc=0.2022, gen=0.1943, eff=0.9769, nov=0.7107, comp=0.3047 | trust=0.605
  [ACTIVE] Lab 12 (fno): [fourier+fourier+fourier+wavelet+attention] ch=74 modes=15 | acc=0.1979, gen=0.1944, eff=0.9634, nov=0.5652, comp=0.3000 | trust=0.401
  [ACTIVE] Lab 10 (fno_spawn): [branch_trunk+fourier] ch=32 modes=13 | acc=0.1731, gen=0.1685, eff=0.9976, nov=0.6901, comp=0.2879 | trust=0.596
  [ACTIVE] Lab 8 (hybrid_fno_attn_spawn): [fourier+fourier+fourier] ch=61 modes=16 | acc=0.2673, gen=0.2538, eff=0.9801, nov=0.5769, comp=0.2864 | trust=0.381
  [ACTIVE] Lab 6 (wavelet): [fourier+fourier+fourier+residual_conv+wavelet] ch=59 modes=13 | acc=0.1417, gen=0.1373, eff=0.9793, nov=0.7338, comp=0.2603 | trust=0.566
  [ACTIVE] Lab 0 (fno): [fourier+wavelet+branch_trunk] ch=66 modes=13 | acc=0.1984, gen=0.1960, eff=0.9838, nov=0.6823, comp=0.2487 | trust=0.411

  ── Global Best Evolution ──
  Iter  1: fitness=0.5226 | lab=0 | blocks=fourier+fourier+fourier+fourier | active=16
  Iter  2: fitness=0.5226 | lab=0 | blocks=fourier+fourier+fourier+fourier | active=16
  Iter  3: fitness=0.5237 | lab=12 | blocks=fourier+attention+fourier+fourier+fourier | active=16
  Iter  4: fitness=0.5371 | lab=0 | blocks=fourier+fourier+fourier+fourier | active=16
  Iter  5: fitness=0.5371 | lab=0 | blocks=fourier+fourier+fourier+fourier | active=16
  Iter  6: fitness=0.5371 | lab=0 | blocks=fourier+fourier+fourier+fourier | active=16
  Iter  7: fitness=0.5371 | lab=0 | blocks=fourier+fourier+fourier+fourier | active=16
  Iter  8: fitness=0.5371 | lab=0 | blocks=fourier+fourier+fourier+fourier | active=16
  Iter  9: fitness=0.5371 | lab=0 | blocks=fourier+fourier+fourier+fourier | active=16
  Iter 10: fitness=0.5402 | lab=13 | blocks=fourier+residual_conv+fourier+branch_trunk+attention+fourier | active=16
  Iter 11: fitness=0.5402 | lab=13 | blocks=fourier+residual_conv+fourier+branch_trunk+attention+fourier | active=16
  Iter 12: fitness=0.5402 | lab=13 | blocks=fourier+residual_conv+fourier+branch_trunk+attention+fourier | active=16
  Iter 13: fitness=0.5402 | lab=13 | blocks=fourier+residual_conv+fourier+branch_trunk+attention+fourier | active=16
  Iter 14: fitness=0.5402 | lab=13 | blocks=fourier+residual_conv+fourier+branch_trunk+attention+fourier | active=16
  Iter 15: fitness=0.5402 | lab=13 | blocks=fourier+residual_conv+fourier+branch_trunk+attention+fourier | active=16
  Iter 16: fitness=0.5402 | lab=13 | blocks=fourier+residual_conv+fourier+branch_trunk+attention+fourier | active=16
  Iter 17: fitness=0.5402 | lab=13 | blocks=fourier+residual_conv+fourier+branch_trunk+attention+fourier | active=16
  Iter 18: fitness=0.5402 | lab=13 | blocks=fourier+residual_conv+fourier+branch_trunk+attention+fourier | active=16
  Iter 19: fitness=0.5402 | lab=13 | blocks=fourier+residual_conv+fourier+branch_trunk+attention+fourier | active=16
  Iter 20: fitness=0.5402 | lab=13 | blocks=fourier+residual_conv+fourier+branch_trunk+attention+fourier | active=16

  ✓ FINAL.json written. Done.
==== DONE 2026-05-03 18:19:04 ====
